"dataset_id","year","month","day","site","block","plot","subplot","treatment","treatment_type","design","timepoint","time_since_disturbance_days","realm","taxon","species","metric","value","unit","comment"
"foster_2009",1937,NA,NA,"Harvard Forest","C",NA,NA,"logged","logging","AI","T1",NA,"terrestrial","plants",2,"density",39.51,"stems per hectare","Tree counting changes with time, see methods."
"foster_2009",1937,NA,NA,"Harvard Forest","E",NA,NA,"logged","logging","AI","T1",NA,"terrestrial","plants",2,"density",121.73,"stems per hectare","Tree counting changes with time, see methods."
"foster_2009",1937,NA,NA,"Harvard Forest","G",NA,NA,"logged","logging","AI","T1",NA,"terrestrial","plants",2,"density",8.15,"stems per hectare","Tree counting changes with time, see methods."
"foster_2009",1937,NA,NA,"Harvard Forest","H",NA,NA,"logged","logging","AI","T1",NA,"terrestrial","plants",2,"density",79.01,"stems per hectare","Tree counting changes with time, see methods."
"foster_2009",1937,NA,NA,"Harvard Forest","I",NA,NA,"logged","logging","AI","T1",NA,"terrestrial","plants",2,"density",39.51,"stems per hectare","Tree counting changes with time, see methods."
"foster_2009",1937,NA,NA,"Harvard Forest","J",NA,NA,"logged","logging","AI","T1",NA,"terrestrial","plants",2,"density",29.63,"stems per hectare","Tree counting changes with time, see methods."
"foster_2009",1937,NA,NA,"Harvard Forest","K",NA,NA,"logged","logging","AI","T1",NA,"terrestrial","plants",2,"density",54.32,"stems per hectare","Tree counting changes with time, see methods."
"foster_2009",1937,NA,NA,"Harvard Forest","L",NA,NA,"logged","logging","AI","T1",NA,"terrestrial","plants",2,"density",54.32,"stems per hectare","Tree counting changes with time, see methods."
"foster_2009",1937,NA,NA,"Harvard Forest","E",NA,NA,"logged","logging","AI","T1",NA,"terrestrial","plants",3,"density",19.75,"stems per hectare","Tree counting changes with time, see methods."
"foster_2009",1937,NA,NA,"Harvard Forest","K",NA,NA,"logged","logging","AI","T1",NA,"terrestrial","plants",3,"density",4.94,"stems per hectare","Tree counting changes with time, see methods."
"foster_2009",1937,NA,NA,"Harvard Forest","L",NA,NA,"logged","logging","AI","T1",NA,"terrestrial","plants",3,"density",4.94,"stems per hectare","Tree counting changes with time, see methods."
"foster_2009",1937,NA,NA,"Harvard Forest","K",NA,NA,"logged","logging","AI","T1",NA,"terrestrial","plants",18,"density",4.94,"stems per hectare","Tree counting changes with time, see methods."
"foster_2009",1937,NA,NA,"Harvard Forest","L",NA,NA,"logged","logging","AI","T1",NA,"terrestrial","plants",18,"density",4.94,"stems per hectare","Tree counting changes with time, see methods."
"foster_2009",1937,NA,NA,"Harvard Forest","F",NA,NA,"logged","logging","AI","T1",NA,"terrestrial","plants",19,"density",79.01,"stems per hectare","Tree counting changes with time, see methods."
"foster_2009",1937,NA,NA,"Harvard Forest","G",NA,NA,"logged","logging","AI","T1",NA,"terrestrial","plants",20,"density",1.73,"stems per hectare","Tree counting changes with time, see methods."
"foster_2009",1937,NA,NA,"Harvard Forest","I",NA,NA,"logged","logging","AI","T1",NA,"terrestrial","plants",20,"density",19.75,"stems per hectare","Tree counting changes with time, see methods."
"foster_2009",1937,NA,NA,"Harvard Forest","G",NA,NA,"logged","logging","AI","T1",NA,"terrestrial","plants",21,"density",1.73,"stems per hectare","Tree counting changes with time, see methods."
"foster_2009",1937,NA,NA,"Harvard Forest","I",NA,NA,"logged","logging","AI","T1",NA,"terrestrial","plants",21,"density",19.75,"stems per hectare","Tree counting changes with time, see methods."
"foster_2009",1937,NA,NA,"Harvard Forest","K",NA,NA,"logged","logging","AI","T1",NA,"terrestrial","plants",24,"density",29.63,"stems per hectare","Tree counting changes with time, see methods."
"foster_2009",1937,NA,NA,"Harvard Forest","L",NA,NA,"logged","logging","AI","T1",NA,"terrestrial","plants",24,"density",29.63,"stems per hectare","Tree counting changes with time, see methods."
"foster_2009",1937,NA,NA,"Harvard Forest","K",NA,NA,"logged","logging","AI","T1",NA,"terrestrial","plants",25,"density",4.94,"stems per hectare","Tree counting changes with time, see methods."
"foster_2009",1937,NA,NA,"Harvard Forest","L",NA,NA,"logged","logging","AI","T1",NA,"terrestrial","plants",25,"density",4.94,"stems per hectare","Tree counting changes with time, see methods."
"foster_2009",1937,NA,NA,"Harvard Forest","H",NA,NA,"logged","logging","AI","T1",NA,"terrestrial","plants",48,"density",118.52,"stems per hectare","Tree counting changes with time, see methods."
"foster_2009",1937,NA,NA,"Harvard Forest","C",NA,NA,"logged","logging","AI","T1",NA,"terrestrial","plants",78,"density",118.52,"stems per hectare","Tree counting changes with time, see methods."
"foster_2009",1937,NA,NA,"Harvard Forest","E",NA,NA,"logged","logging","AI","T1",NA,"terrestrial","plants",78,"density",39.51,"stems per hectare","Tree counting changes with time, see methods."
"foster_2009",1937,NA,NA,"Harvard Forest","K",NA,NA,"logged","logging","AI","T1",NA,"terrestrial","plants",78,"density",118.52,"stems per hectare","Tree counting changes with time, see methods."
"foster_2009",1937,NA,NA,"Harvard Forest","L",NA,NA,"logged","logging","AI","T1",NA,"terrestrial","plants",78,"density",118.52,"stems per hectare","Tree counting changes with time, see methods."
"foster_2009",1937,NA,NA,"Harvard Forest","G",NA,NA,"logged","logging","AI","T1",NA,"terrestrial","plants",89,"density",3.21,"stems per hectare","Tree counting changes with time, see methods."
"foster_2009",1937,NA,NA,"Harvard Forest","I",NA,NA,"logged","logging","AI","T1",NA,"terrestrial","plants",89,"density",19.75,"stems per hectare","Tree counting changes with time, see methods."
"foster_2009",1937,NA,NA,"Harvard Forest","E",NA,NA,"logged","logging","AI","T1",NA,"terrestrial","plants",90,"density",13.09,"stems per hectare","Tree counting changes with time, see methods."
"foster_2009",1937,NA,NA,"Harvard Forest","G",NA,NA,"logged","logging","AI","T1",NA,"terrestrial","plants",90,"density",4.94,"stems per hectare","Tree counting changes with time, see methods."
"foster_2009",1937,NA,NA,"Harvard Forest","J",NA,NA,"logged","logging","AI","T1",NA,"terrestrial","plants",90,"density",9.88,"stems per hectare","Tree counting changes with time, see methods."
"foster_2009",1937,NA,NA,"Harvard Forest","K",NA,NA,"logged","logging","AI","T1",NA,"terrestrial","plants",90,"density",4.94,"stems per hectare","Tree counting changes with time, see methods."
"foster_2009",1937,NA,NA,"Harvard Forest","L",NA,NA,"logged","logging","AI","T1",NA,"terrestrial","plants",90,"density",4.94,"stems per hectare","Tree counting changes with time, see methods."
"foster_2009",1937,NA,NA,"Harvard Forest","E",NA,NA,"logged","logging","AI","T1",NA,"terrestrial","plants",94,"density",22.96,"stems per hectare","Tree counting changes with time, see methods."
"foster_2009",1937,NA,NA,"Harvard Forest","G",NA,NA,"logged","logging","AI","T1",NA,"terrestrial","plants",94,"density",4.94,"stems per hectare","Tree counting changes with time, see methods."
"foster_2009",1937,NA,NA,"Harvard Forest","K",NA,NA,"logged","logging","AI","T1",NA,"terrestrial","plants",94,"density",4.94,"stems per hectare","Tree counting changes with time, see methods."
"foster_2009",1937,NA,NA,"Harvard Forest","L",NA,NA,"logged","logging","AI","T1",NA,"terrestrial","plants",94,"density",4.94,"stems per hectare","Tree counting changes with time, see methods."
"foster_2009",1937,NA,NA,"Harvard Forest","M",NA,NA,"logged","logging","AI","T1",NA,"terrestrial","plants",94,"density",9.88,"stems per hectare","Tree counting changes with time, see methods."
"foster_2009",1937,NA,NA,"Harvard Forest","N",NA,NA,"logged","logging","AI","T1",NA,"terrestrial","plants",94,"density",9.88,"stems per hectare","Tree counting changes with time, see methods."
"foster_2009",1937,NA,NA,"Harvard Forest","E",NA,NA,"logged","logging","AI","T1",NA,"terrestrial","plants",95,"density",35.31,"stems per hectare","Tree counting changes with time, see methods."
"foster_2009",1937,NA,NA,"Harvard Forest","F",NA,NA,"logged","logging","AI","T1",NA,"terrestrial","plants",95,"density",39.51,"stems per hectare","Tree counting changes with time, see methods."
"foster_2009",1937,NA,NA,"Harvard Forest","G",NA,NA,"logged","logging","AI","T1",NA,"terrestrial","plants",95,"density",14.81,"stems per hectare","Tree counting changes with time, see methods."
"foster_2009",1937,NA,NA,"Harvard Forest","H",NA,NA,"logged","logging","AI","T1",NA,"terrestrial","plants",95,"density",19.75,"stems per hectare","Tree counting changes with time, see methods."
"foster_2009",1937,NA,NA,"Harvard Forest","J",NA,NA,"logged","logging","AI","T1",NA,"terrestrial","plants",95,"density",9.88,"stems per hectare","Tree counting changes with time, see methods."
"foster_2009",1937,NA,NA,"Harvard Forest","K",NA,NA,"logged","logging","AI","T1",NA,"terrestrial","plants",95,"density",4.94,"stems per hectare","Tree counting changes with time, see methods."
"foster_2009",1937,NA,NA,"Harvard Forest","L",NA,NA,"logged","logging","AI","T1",NA,"terrestrial","plants",95,"density",4.94,"stems per hectare","Tree counting changes with time, see methods."
"foster_2009",1937,NA,NA,"Harvard Forest","C",NA,NA,"logged","logging","AI","T1",NA,"terrestrial","plants",124,"density",740.74,"stems per hectare","Tree counting changes with time, see methods."
"foster_2009",1937,NA,NA,"Harvard Forest","E",NA,NA,"logged","logging","AI","T1",NA,"terrestrial","plants",124,"density",432.1,"stems per hectare","Tree counting changes with time, see methods."
"foster_2009",1937,NA,NA,"Harvard Forest","K",NA,NA,"logged","logging","AI","T1",NA,"terrestrial","plants",124,"density",24.69,"stems per hectare","Tree counting changes with time, see methods."
"foster_2009",1937,NA,NA,"Harvard Forest","L",NA,NA,"logged","logging","AI","T1",NA,"terrestrial","plants",124,"density",24.69,"stems per hectare","Tree counting changes with time, see methods."
"foster_2009",1937,NA,NA,"Harvard Forest","M",NA,NA,"logged","logging","AI","T1",NA,"terrestrial","plants",124,"density",9.88,"stems per hectare","Tree counting changes with time, see methods."
"foster_2009",1937,NA,NA,"Harvard Forest","N",NA,NA,"logged","logging","AI","T1",NA,"terrestrial","plants",124,"density",9.88,"stems per hectare","Tree counting changes with time, see methods."
"foster_2009",1940,NA,NA,"Harvard Forest","B",NA,NA,"logged","logging","AI","T2",NA,"terrestrial","plants",2,"density",197.53,"stems per hectare","Tree counting changes with time, see methods."
"foster_2009",1940,NA,NA,"Harvard Forest","D",NA,NA,"logged","logging","AI","T2",NA,"terrestrial","plants",2,"density",3456.79,"stems per hectare","Tree counting changes with time, see methods."
"foster_2009",1940,NA,NA,"Harvard Forest","E",NA,NA,"logged","logging","AI","T2",NA,"terrestrial","plants",2,"density",197.53,"stems per hectare","Tree counting changes with time, see methods."
"foster_2009",1940,NA,NA,"Harvard Forest","F",NA,NA,"logged","logging","AI","T2",NA,"terrestrial","plants",2,"density",5333.33,"stems per hectare","Tree counting changes with time, see methods."
"foster_2009",1940,NA,NA,"Harvard Forest","G",NA,NA,"logged","logging","AI","T2",NA,"terrestrial","plants",2,"density",9382.72,"stems per hectare","Tree counting changes with time, see methods."
"foster_2009",1940,NA,NA,"Harvard Forest","H",NA,NA,"logged","logging","AI","T2",NA,"terrestrial","plants",2,"density",98.77,"stems per hectare","Tree counting changes with time, see methods."
"foster_2009",1940,NA,NA,"Harvard Forest","I",NA,NA,"logged","logging","AI","T2",NA,"terrestrial","plants",2,"density",592.59,"stems per hectare","Tree counting changes with time, see methods."
"foster_2009",1940,NA,NA,"Harvard Forest","J",NA,NA,"logged","logging","AI","T2",NA,"terrestrial","plants",2,"density",1185.19,"stems per hectare","Tree counting changes with time, see methods."
"foster_2009",1940,NA,NA,"Harvard Forest","K",NA,NA,"logged","logging","AI","T2",NA,"terrestrial","plants",2,"density",2172.84,"stems per hectare","Tree counting changes with time, see methods."
"foster_2009",1940,NA,NA,"Harvard Forest","L",NA,NA,"logged","logging","AI","T2",NA,"terrestrial","plants",2,"density",592.59,"stems per hectare","Tree counting changes with time, see methods."
"foster_2009",1940,NA,NA,"Harvard Forest","M",NA,NA,"logged","logging","AI","T2",NA,"terrestrial","plants",2,"density",296.3,"stems per hectare","Tree counting changes with time, see methods."
"foster_2009",1940,NA,NA,"Harvard Forest","N",NA,NA,"logged","logging","AI","T2",NA,"terrestrial","plants",2,"density",592.59,"stems per hectare","Tree counting changes with time, see methods."
"foster_2009",1940,NA,NA,"Harvard Forest","D",NA,NA,"logged","logging","AI","T2",NA,"terrestrial","plants",3,"density",197.53,"stems per hectare","Tree counting changes with time, see methods."
"foster_2009",1940,NA,NA,"Harvard Forest","F",NA,NA,"logged","logging","AI","T2",NA,"terrestrial","plants",3,"density",98.77,"stems per hectare","Tree counting changes with time, see methods."
"foster_2009",1940,NA,NA,"Harvard Forest","H",NA,NA,"logged","logging","AI","T2",NA,"terrestrial","plants",3,"density",197.53,"stems per hectare","Tree counting changes with time, see methods."
"foster_2009",1940,NA,NA,"Harvard Forest","J",NA,NA,"logged","logging","AI","T2",NA,"terrestrial","plants",3,"density",98.77,"stems per hectare","Tree counting changes with time, see methods."
"foster_2009",1940,NA,NA,"Harvard Forest","L",NA,NA,"logged","logging","AI","T2",NA,"terrestrial","plants",3,"density",296.3,"stems per hectare","Tree counting changes with time, see methods."
"foster_2009",1940,NA,NA,"Harvard Forest","D",NA,NA,"logged","logging","AI","T2",NA,"terrestrial","plants",18,"density",98.77,"stems per hectare","Tree counting changes with time, see methods."
"foster_2009",1940,NA,NA,"Harvard Forest","F",NA,NA,"logged","logging","AI","T2",NA,"terrestrial","plants",18,"density",1481.48,"stems per hectare","Tree counting changes with time, see methods."
"foster_2009",1940,NA,NA,"Harvard Forest","D",NA,NA,"logged","logging","AI","T2",NA,"terrestrial","plants",19,"density",691.36,"stems per hectare","Tree counting changes with time, see methods."
"foster_2009",1940,NA,NA,"Harvard Forest","M",NA,NA,"logged","logging","AI","T2",NA,"terrestrial","plants",19,"density",395.06,"stems per hectare","Tree counting changes with time, see methods."
"foster_2009",1940,NA,NA,"Harvard Forest","N",NA,NA,"logged","logging","AI","T2",NA,"terrestrial","plants",19,"density",691.36,"stems per hectare","Tree counting changes with time, see methods."
"foster_2009",1940,NA,NA,"Harvard Forest","C",NA,NA,"logged","logging","AI","T2",NA,"terrestrial","plants",21,"density",197.53,"stems per hectare","Tree counting changes with time, see methods."
"foster_2009",1940,NA,NA,"Harvard Forest","E",NA,NA,"logged","logging","AI","T2",NA,"terrestrial","plants",21,"density",98.77,"stems per hectare","Tree counting changes with time, see methods."
"foster_2009",1940,NA,NA,"Harvard Forest","G",NA,NA,"logged","logging","AI","T2",NA,"terrestrial","plants",21,"density",98.77,"stems per hectare","Tree counting changes with time, see methods."
"foster_2009",1940,NA,NA,"Harvard Forest","H",NA,NA,"logged","logging","AI","T2",NA,"terrestrial","plants",21,"density",296.3,"stems per hectare","Tree counting changes with time, see methods."
"foster_2009",1940,NA,NA,"Harvard Forest","I",NA,NA,"logged","logging","AI","T2",NA,"terrestrial","plants",21,"density",493.83,"stems per hectare","Tree counting changes with time, see methods."
"foster_2009",1940,NA,NA,"Harvard Forest","L",NA,NA,"logged","logging","AI","T2",NA,"terrestrial","plants",21,"density",98.77,"stems per hectare","Tree counting changes with time, see methods."
"foster_2009",1940,NA,NA,"Harvard Forest","M",NA,NA,"logged","logging","AI","T2",NA,"terrestrial","plants",21,"density",98.77,"stems per hectare","Tree counting changes with time, see methods."
"foster_2009",1940,NA,NA,"Harvard Forest","N",NA,NA,"logged","logging","AI","T2",NA,"terrestrial","plants",21,"density",197.53,"stems per hectare","Tree counting changes with time, see methods."
"foster_2009",1940,NA,NA,"Harvard Forest","D",NA,NA,"logged","logging","AI","T2",NA,"terrestrial","plants",26,"density",1382.72,"stems per hectare","Tree counting changes with time, see methods."
"foster_2009",1940,NA,NA,"Harvard Forest","F",NA,NA,"logged","logging","AI","T2",NA,"terrestrial","plants",26,"density",888.89,"stems per hectare","Tree counting changes with time, see methods."
"foster_2009",1940,NA,NA,"Harvard Forest","G",NA,NA,"logged","logging","AI","T2",NA,"terrestrial","plants",26,"density",296.3,"stems per hectare","Tree counting changes with time, see methods."
"foster_2009",1940,NA,NA,"Harvard Forest","J",NA,NA,"logged","logging","AI","T2",NA,"terrestrial","plants",26,"density",296.3,"stems per hectare","Tree counting changes with time, see methods."
"foster_2009",1940,NA,NA,"Harvard Forest","K",NA,NA,"logged","logging","AI","T2",NA,"terrestrial","plants",26,"density",98.77,"stems per hectare","Tree counting changes with time, see methods."
"foster_2009",1940,NA,NA,"Harvard Forest","L",NA,NA,"logged","logging","AI","T2",NA,"terrestrial","plants",26,"density",98.77,"stems per hectare","Tree counting changes with time, see methods."
"foster_2009",1940,NA,NA,"Harvard Forest","N",NA,NA,"logged","logging","AI","T2",NA,"terrestrial","plants",26,"density",296.3,"stems per hectare","Tree counting changes with time, see methods."
"foster_2009",1940,NA,NA,"Harvard Forest","D",NA,NA,"logged","logging","AI","T2",NA,"terrestrial","plants",25,"density",98.77,"stems per hectare","Tree counting changes with time, see methods."
"foster_2009",1940,NA,NA,"Harvard Forest","E",NA,NA,"logged","logging","AI","T2",NA,"terrestrial","plants",46,"density",395.06,"stems per hectare","Tree counting changes with time, see methods."
"foster_2009",1940,NA,NA,"Harvard Forest","D",NA,NA,"logged","logging","AI","T2",NA,"terrestrial","plants",48,"density",296.3,"stems per hectare","Tree counting changes with time, see methods."
"foster_2009",1940,NA,NA,"Harvard Forest","F",NA,NA,"logged","logging","AI","T2",NA,"terrestrial","plants",48,"density",3629.63,"stems per hectare","Tree counting changes with time, see methods."
"foster_2009",1940,NA,NA,"Harvard Forest","H",NA,NA,"logged","logging","AI","T2",NA,"terrestrial","plants",48,"density",987.65,"stems per hectare","Tree counting changes with time, see methods."
"foster_2009",1940,NA,NA,"Harvard Forest","I",NA,NA,"logged","logging","AI","T2",NA,"terrestrial","plants",48,"density",7012.35,"stems per hectare","Tree counting changes with time, see methods."
"foster_2009",1940,NA,NA,"Harvard Forest","K",NA,NA,"logged","logging","AI","T2",NA,"terrestrial","plants",48,"density",395.06,"stems per hectare","Tree counting changes with time, see methods."
"foster_2009",1940,NA,NA,"Harvard Forest","L",NA,NA,"logged","logging","AI","T2",NA,"terrestrial","plants",48,"density",197.53,"stems per hectare","Tree counting changes with time, see methods."
"foster_2009",1940,NA,NA,"Harvard Forest","D",NA,NA,"logged","logging","AI","T2",NA,"terrestrial","plants",78,"density",592.59,"stems per hectare","Tree counting changes with time, see methods."
"foster_2009",1940,NA,NA,"Harvard Forest","K",NA,NA,"logged","logging","AI","T2",NA,"terrestrial","plants",78,"density",98.77,"stems per hectare","Tree counting changes with time, see methods."
"foster_2009",1940,NA,NA,"Harvard Forest","M",NA,NA,"logged","logging","AI","T2",NA,"terrestrial","plants",78,"density",5135.8,"stems per hectare","Tree counting changes with time, see methods."
"foster_2009",1940,NA,NA,"Harvard Forest","N",NA,NA,"logged","logging","AI","T2",NA,"terrestrial","plants",78,"density",3259.26,"stems per hectare","Tree counting changes with time, see methods."
"foster_2009",1940,NA,NA,"Harvard Forest","H",NA,NA,"logged","logging","AI","T2",NA,"terrestrial","plants",15,"density",98.77,"stems per hectare","Tree counting changes with time, see methods."
"foster_2009",1940,NA,NA,"Harvard Forest","I",NA,NA,"logged","logging","AI","T2",NA,"terrestrial","plants",15,"density",3456.79,"stems per hectare","Tree counting changes with time, see methods."
"foster_2009",1940,NA,NA,"Harvard Forest","L",NA,NA,"logged","logging","AI","T2",NA,"terrestrial","plants",15,"density",98.77,"stems per hectare","Tree counting changes with time, see methods."
"foster_2009",1940,NA,NA,"Harvard Forest","N",NA,NA,"logged","logging","AI","T2",NA,"terrestrial","plants",15,"density",98.77,"stems per hectare","Tree counting changes with time, see methods."
"foster_2009",1940,NA,NA,"Harvard Forest","B",NA,NA,"logged","logging","AI","T2",NA,"terrestrial","plants",89,"density",24296.3,"stems per hectare","Tree counting changes with time, see methods."
"foster_2009",1940,NA,NA,"Harvard Forest","C",NA,NA,"logged","logging","AI","T2",NA,"terrestrial","plants",89,"density",1185.19,"stems per hectare","Tree counting changes with time, see methods."
"foster_2009",1940,NA,NA,"Harvard Forest","D",NA,NA,"logged","logging","AI","T2",NA,"terrestrial","plants",89,"density",1382.72,"stems per hectare","Tree counting changes with time, see methods."
"foster_2009",1940,NA,NA,"Harvard Forest","E",NA,NA,"logged","logging","AI","T2",NA,"terrestrial","plants",89,"density",98.77,"stems per hectare","Tree counting changes with time, see methods."
"foster_2009",1940,NA,NA,"Harvard Forest","F",NA,NA,"logged","logging","AI","T2",NA,"terrestrial","plants",89,"density",4148.15,"stems per hectare","Tree counting changes with time, see methods."
"foster_2009",1940,NA,NA,"Harvard Forest","G",NA,NA,"logged","logging","AI","T2",NA,"terrestrial","plants",89,"density",3358.02,"stems per hectare","Tree counting changes with time, see methods."
"foster_2009",1940,NA,NA,"Harvard Forest","H",NA,NA,"logged","logging","AI","T2",NA,"terrestrial","plants",89,"density",1185.19,"stems per hectare","Tree counting changes with time, see methods."
"foster_2009",1940,NA,NA,"Harvard Forest","I",NA,NA,"logged","logging","AI","T2",NA,"terrestrial","plants",89,"density",3555.56,"stems per hectare","Tree counting changes with time, see methods."
"foster_2009",1940,NA,NA,"Harvard Forest","J",NA,NA,"logged","logging","AI","T2",NA,"terrestrial","plants",89,"density",34765.43,"stems per hectare","Tree counting changes with time, see methods."
"foster_2009",1940,NA,NA,"Harvard Forest","K",NA,NA,"logged","logging","AI","T2",NA,"terrestrial","plants",89,"density",4148.15,"stems per hectare","Tree counting changes with time, see methods."
"foster_2009",1940,NA,NA,"Harvard Forest","L",NA,NA,"logged","logging","AI","T2",NA,"terrestrial","plants",89,"density",1580.25,"stems per hectare","Tree counting changes with time, see methods."
"foster_2009",1940,NA,NA,"Harvard Forest","M",NA,NA,"logged","logging","AI","T2",NA,"terrestrial","plants",90,"density",592.59,"stems per hectare","Tree counting changes with time, see methods."
"foster_2009",1940,NA,NA,"Harvard Forest","N",NA,NA,"logged","logging","AI","T2",NA,"terrestrial","plants",90,"density",98.77,"stems per hectare","Tree counting changes with time, see methods."
"foster_2009",1940,NA,NA,"Harvard Forest","D",NA,NA,"logged","logging","AI","T2",NA,"terrestrial","plants",94,"density",395.06,"stems per hectare","Tree counting changes with time, see methods."
"foster_2009",1940,NA,NA,"Harvard Forest","F",NA,NA,"logged","logging","AI","T2",NA,"terrestrial","plants",94,"density",395.06,"stems per hectare","Tree counting changes with time, see methods."
"foster_2009",1940,NA,NA,"Harvard Forest","G",NA,NA,"logged","logging","AI","T2",NA,"terrestrial","plants",94,"density",395.06,"stems per hectare","Tree counting changes with time, see methods."
"foster_2009",1940,NA,NA,"Harvard Forest","M",NA,NA,"logged","logging","AI","T2",NA,"terrestrial","plants",94,"density",98.77,"stems per hectare","Tree counting changes with time, see methods."
"foster_2009",1940,NA,NA,"Harvard Forest","B",NA,NA,"logged","logging","AI","T2",NA,"terrestrial","plants",95,"density",98.77,"stems per hectare","Tree counting changes with time, see methods."
"foster_2009",1940,NA,NA,"Harvard Forest","D",NA,NA,"logged","logging","AI","T2",NA,"terrestrial","plants",95,"density",790.12,"stems per hectare","Tree counting changes with time, see methods."
"foster_2009",1940,NA,NA,"Harvard Forest","E",NA,NA,"logged","logging","AI","T2",NA,"terrestrial","plants",95,"density",197.53,"stems per hectare","Tree counting changes with time, see methods."
"foster_2009",1940,NA,NA,"Harvard Forest","F",NA,NA,"logged","logging","AI","T2",NA,"terrestrial","plants",95,"density",197.53,"stems per hectare","Tree counting changes with time, see methods."
"foster_2009",1940,NA,NA,"Harvard Forest","G",NA,NA,"logged","logging","AI","T2",NA,"terrestrial","plants",95,"density",1679.01,"stems per hectare","Tree counting changes with time, see methods."
"foster_2009",1940,NA,NA,"Harvard Forest","H",NA,NA,"logged","logging","AI","T2",NA,"terrestrial","plants",95,"density",98.77,"stems per hectare","Tree counting changes with time, see methods."
"foster_2009",1940,NA,NA,"Harvard Forest","I",NA,NA,"logged","logging","AI","T2",NA,"terrestrial","plants",95,"density",395.06,"stems per hectare","Tree counting changes with time, see methods."
"foster_2009",1940,NA,NA,"Harvard Forest","J",NA,NA,"logged","logging","AI","T2",NA,"terrestrial","plants",95,"density",296.3,"stems per hectare","Tree counting changes with time, see methods."
"foster_2009",1940,NA,NA,"Harvard Forest","K",NA,NA,"logged","logging","AI","T2",NA,"terrestrial","plants",95,"density",197.53,"stems per hectare","Tree counting changes with time, see methods."
"foster_2009",1940,NA,NA,"Harvard Forest","L",NA,NA,"logged","logging","AI","T2",NA,"terrestrial","plants",95,"density",296.3,"stems per hectare","Tree counting changes with time, see methods."
"foster_2009",1940,NA,NA,"Harvard Forest","M",NA,NA,"logged","logging","AI","T2",NA,"terrestrial","plants",95,"density",197.53,"stems per hectare","Tree counting changes with time, see methods."
"foster_2009",1940,NA,NA,"Harvard Forest","N",NA,NA,"logged","logging","AI","T2",NA,"terrestrial","plants",95,"density",1382.72,"stems per hectare","Tree counting changes with time, see methods."
"foster_2009",1940,NA,NA,"Harvard Forest","L",NA,NA,"logged","logging","AI","T2",NA,"terrestrial","plants",120,"density",197.53,"stems per hectare","Tree counting changes with time, see methods."
"foster_2009",1940,NA,NA,"Harvard Forest","D",NA,NA,"logged","logging","AI","T2",NA,"terrestrial","plants",124,"density",493.83,"stems per hectare","Tree counting changes with time, see methods."
"foster_2009",1940,NA,NA,"Harvard Forest","E",NA,NA,"logged","logging","AI","T2",NA,"terrestrial","plants",124,"density",98.77,"stems per hectare","Tree counting changes with time, see methods."
"foster_2009",1940,NA,NA,"Harvard Forest","K",NA,NA,"logged","logging","AI","T2",NA,"terrestrial","plants",124,"density",98.77,"stems per hectare","Tree counting changes with time, see methods."
"foster_2009",1940,NA,NA,"Harvard Forest","M",NA,NA,"logged","logging","AI","T2",NA,"terrestrial","plants",124,"density",98.77,"stems per hectare","Tree counting changes with time, see methods."
"foster_2009",1940,NA,NA,"Harvard Forest","N",NA,NA,"logged","logging","AI","T2",NA,"terrestrial","plants",124,"density",197.53,"stems per hectare","Tree counting changes with time, see methods."
"foster_2009",1948,NA,NA,"Harvard Forest","B",NA,NA,"logged","logging","AI","T3",NA,"terrestrial","plants",2,"density",592.59,"stems per hectare","Tree counting changes with time, see methods."
"foster_2009",1948,NA,NA,"Harvard Forest","D",NA,NA,"logged","logging","AI","T3",NA,"terrestrial","plants",2,"density",1432.1,"stems per hectare","Tree counting changes with time, see methods."
"foster_2009",1948,NA,NA,"Harvard Forest","E",NA,NA,"logged","logging","AI","T3",NA,"terrestrial","plants",2,"density",74.07,"stems per hectare","Tree counting changes with time, see methods."
"foster_2009",1948,NA,NA,"Harvard Forest","F",NA,NA,"logged","logging","AI","T3",NA,"terrestrial","plants",2,"density",4148.15,"stems per hectare","Tree counting changes with time, see methods."
"foster_2009",1948,NA,NA,"Harvard Forest","G",NA,NA,"logged","logging","AI","T3",NA,"terrestrial","plants",2,"density",7604.94,"stems per hectare","Tree counting changes with time, see methods."
"foster_2009",1948,NA,NA,"Harvard Forest","H",NA,NA,"logged","logging","AI","T3",NA,"terrestrial","plants",2,"density",197.53,"stems per hectare","Tree counting changes with time, see methods."
"foster_2009",1948,NA,NA,"Harvard Forest","I",NA,NA,"logged","logging","AI","T3",NA,"terrestrial","plants",2,"density",1185.19,"stems per hectare","Tree counting changes with time, see methods."
"foster_2009",1948,NA,NA,"Harvard Forest","J",NA,NA,"logged","logging","AI","T3",NA,"terrestrial","plants",2,"density",1604.94,"stems per hectare","Tree counting changes with time, see methods."
"foster_2009",1948,NA,NA,"Harvard Forest","K",NA,NA,"logged","logging","AI","T3",NA,"terrestrial","plants",2,"density",913.58,"stems per hectare","Tree counting changes with time, see methods."
"foster_2009",1948,NA,NA,"Harvard Forest","L",NA,NA,"logged","logging","AI","T3",NA,"terrestrial","plants",2,"density",469.14,"stems per hectare","Tree counting changes with time, see methods."
"foster_2009",1948,NA,NA,"Harvard Forest","M",NA,NA,"logged","logging","AI","T3",NA,"terrestrial","plants",2,"density",641.98,"stems per hectare","Tree counting changes with time, see methods."
"foster_2009",1948,NA,NA,"Harvard Forest","N",NA,NA,"logged","logging","AI","T3",NA,"terrestrial","plants",2,"density",2790.12,"stems per hectare","Tree counting changes with time, see methods."
"foster_2009",1948,NA,NA,"Harvard Forest","D",NA,NA,"logged","logging","AI","T3",NA,"terrestrial","plants",3,"density",197.53,"stems per hectare","Tree counting changes with time, see methods."
"foster_2009",1948,NA,NA,"Harvard Forest","J",NA,NA,"logged","logging","AI","T3",NA,"terrestrial","plants",3,"density",246.91,"stems per hectare","Tree counting changes with time, see methods."
"foster_2009",1948,NA,NA,"Harvard Forest","L",NA,NA,"logged","logging","AI","T3",NA,"terrestrial","plants",3,"density",74.07,"stems per hectare","Tree counting changes with time, see methods."
"foster_2009",1948,NA,NA,"Harvard Forest","D",NA,NA,"logged","logging","AI","T3",NA,"terrestrial","plants",18,"density",641.98,"stems per hectare","Tree counting changes with time, see methods."
"foster_2009",1948,NA,NA,"Harvard Forest","E",NA,NA,"logged","logging","AI","T3",NA,"terrestrial","plants",18,"density",49.38,"stems per hectare","Tree counting changes with time, see methods."
"foster_2009",1948,NA,NA,"Harvard Forest","F",NA,NA,"logged","logging","AI","T3",NA,"terrestrial","plants",18,"density",74.07,"stems per hectare","Tree counting changes with time, see methods."
"foster_2009",1948,NA,NA,"Harvard Forest","G",NA,NA,"logged","logging","AI","T3",NA,"terrestrial","plants",18,"density",24.69,"stems per hectare","Tree counting changes with time, see methods."
"foster_2009",1948,NA,NA,"Harvard Forest","B",NA,NA,"logged","logging","AI","T3",NA,"terrestrial","plants",19,"density",98.77,"stems per hectare","Tree counting changes with time, see methods."
"foster_2009",1948,NA,NA,"Harvard Forest","D",NA,NA,"logged","logging","AI","T3",NA,"terrestrial","plants",19,"density",1185.19,"stems per hectare","Tree counting changes with time, see methods."
"foster_2009",1948,NA,NA,"Harvard Forest","F",NA,NA,"logged","logging","AI","T3",NA,"terrestrial","plants",19,"density",1358.02,"stems per hectare","Tree counting changes with time, see methods."
"foster_2009",1948,NA,NA,"Harvard Forest","I",NA,NA,"logged","logging","AI","T3",NA,"terrestrial","plants",19,"density",296.3,"stems per hectare","Tree counting changes with time, see methods."
"foster_2009",1948,NA,NA,"Harvard Forest","J",NA,NA,"logged","logging","AI","T3",NA,"terrestrial","plants",19,"density",24.69,"stems per hectare","Tree counting changes with time, see methods."
"foster_2009",1948,NA,NA,"Harvard Forest","M",NA,NA,"logged","logging","AI","T3",NA,"terrestrial","plants",19,"density",24.69,"stems per hectare","Tree counting changes with time, see methods."
"foster_2009",1948,NA,NA,"Harvard Forest","N",NA,NA,"logged","logging","AI","T3",NA,"terrestrial","plants",19,"density",24.69,"stems per hectare","Tree counting changes with time, see methods."
"foster_2009",1948,NA,NA,"Harvard Forest","C",NA,NA,"logged","logging","AI","T3",NA,"terrestrial","plants",20,"density",98.77,"stems per hectare","Tree counting changes with time, see methods."
"foster_2009",1948,NA,NA,"Harvard Forest","D",NA,NA,"logged","logging","AI","T3",NA,"terrestrial","plants",20,"density",1481.48,"stems per hectare","Tree counting changes with time, see methods."
"foster_2009",1948,NA,NA,"Harvard Forest","E",NA,NA,"logged","logging","AI","T3",NA,"terrestrial","plants",20,"density",1135.8,"stems per hectare","Tree counting changes with time, see methods."
"foster_2009",1948,NA,NA,"Harvard Forest","F",NA,NA,"logged","logging","AI","T3",NA,"terrestrial","plants",20,"density",148.15,"stems per hectare","Tree counting changes with time, see methods."
"foster_2009",1948,NA,NA,"Harvard Forest","G",NA,NA,"logged","logging","AI","T3",NA,"terrestrial","plants",20,"density",148.15,"stems per hectare","Tree counting changes with time, see methods."
"foster_2009",1948,NA,NA,"Harvard Forest","H",NA,NA,"logged","logging","AI","T3",NA,"terrestrial","plants",20,"density",691.36,"stems per hectare","Tree counting changes with time, see methods."
"foster_2009",1948,NA,NA,"Harvard Forest","I",NA,NA,"logged","logging","AI","T3",NA,"terrestrial","plants",20,"density",1283.95,"stems per hectare","Tree counting changes with time, see methods."
"foster_2009",1948,NA,NA,"Harvard Forest","K",NA,NA,"logged","logging","AI","T3",NA,"terrestrial","plants",20,"density",24.69,"stems per hectare","Tree counting changes with time, see methods."
"foster_2009",1948,NA,NA,"Harvard Forest","N",NA,NA,"logged","logging","AI","T3",NA,"terrestrial","plants",20,"density",49.38,"stems per hectare","Tree counting changes with time, see methods."
"foster_2009",1948,NA,NA,"Harvard Forest","B",NA,NA,"logged","logging","AI","T3",NA,"terrestrial","plants",21,"density",691.36,"stems per hectare","Tree counting changes with time, see methods."
"foster_2009",1948,NA,NA,"Harvard Forest","C",NA,NA,"logged","logging","AI","T3",NA,"terrestrial","plants",21,"density",592.59,"stems per hectare","Tree counting changes with time, see methods."
"foster_2009",1948,NA,NA,"Harvard Forest","D",NA,NA,"logged","logging","AI","T3",NA,"terrestrial","plants",21,"density",1481.48,"stems per hectare","Tree counting changes with time, see methods."
"foster_2009",1948,NA,NA,"Harvard Forest","E",NA,NA,"logged","logging","AI","T3",NA,"terrestrial","plants",21,"density",1209.88,"stems per hectare","Tree counting changes with time, see methods."
"foster_2009",1948,NA,NA,"Harvard Forest","F",NA,NA,"logged","logging","AI","T3",NA,"terrestrial","plants",21,"density",320.99,"stems per hectare","Tree counting changes with time, see methods."
"foster_2009",1948,NA,NA,"Harvard Forest","G",NA,NA,"logged","logging","AI","T3",NA,"terrestrial","plants",21,"density",2024.69,"stems per hectare","Tree counting changes with time, see methods."
"foster_2009",1948,NA,NA,"Harvard Forest","H",NA,NA,"logged","logging","AI","T3",NA,"terrestrial","plants",21,"density",1481.48,"stems per hectare","Tree counting changes with time, see methods."
"foster_2009",1948,NA,NA,"Harvard Forest","I",NA,NA,"logged","logging","AI","T3",NA,"terrestrial","plants",21,"density",1086.42,"stems per hectare","Tree counting changes with time, see methods."
"foster_2009",1948,NA,NA,"Harvard Forest","J",NA,NA,"logged","logging","AI","T3",NA,"terrestrial","plants",21,"density",1580.25,"stems per hectare","Tree counting changes with time, see methods."
"foster_2009",1948,NA,NA,"Harvard Forest","K",NA,NA,"logged","logging","AI","T3",NA,"terrestrial","plants",21,"density",543.21,"stems per hectare","Tree counting changes with time, see methods."
"foster_2009",1948,NA,NA,"Harvard Forest","L",NA,NA,"logged","logging","AI","T3",NA,"terrestrial","plants",21,"density",938.27,"stems per hectare","Tree counting changes with time, see methods."
"foster_2009",1948,NA,NA,"Harvard Forest","M",NA,NA,"logged","logging","AI","T3",NA,"terrestrial","plants",21,"density",518.52,"stems per hectare","Tree counting changes with time, see methods."
"foster_2009",1948,NA,NA,"Harvard Forest","N",NA,NA,"logged","logging","AI","T3",NA,"terrestrial","plants",21,"density",567.9,"stems per hectare","Tree counting changes with time, see methods."
"foster_2009",1948,NA,NA,"Harvard Forest","D",NA,NA,"logged","logging","AI","T3",NA,"terrestrial","plants",26,"density",592.59,"stems per hectare","Tree counting changes with time, see methods."
"foster_2009",1948,NA,NA,"Harvard Forest","E",NA,NA,"logged","logging","AI","T3",NA,"terrestrial","plants",26,"density",49.38,"stems per hectare","Tree counting changes with time, see methods."
"foster_2009",1948,NA,NA,"Harvard Forest","F",NA,NA,"logged","logging","AI","T3",NA,"terrestrial","plants",26,"density",320.99,"stems per hectare","Tree counting changes with time, see methods."
"foster_2009",1948,NA,NA,"Harvard Forest","G",NA,NA,"logged","logging","AI","T3",NA,"terrestrial","plants",26,"density",271.6,"stems per hectare","Tree counting changes with time, see methods."
"foster_2009",1948,NA,NA,"Harvard Forest","J",NA,NA,"logged","logging","AI","T3",NA,"terrestrial","plants",26,"density",395.06,"stems per hectare","Tree counting changes with time, see methods."
"foster_2009",1948,NA,NA,"Harvard Forest","M",NA,NA,"logged","logging","AI","T3",NA,"terrestrial","plants",26,"density",49.38,"stems per hectare","Tree counting changes with time, see methods."
"foster_2009",1948,NA,NA,"Harvard Forest","N",NA,NA,"logged","logging","AI","T3",NA,"terrestrial","plants",26,"density",370.37,"stems per hectare","Tree counting changes with time, see methods."
"foster_2009",1948,NA,NA,"Harvard Forest","D",NA,NA,"logged","logging","AI","T3",NA,"terrestrial","plants",25,"density",888.89,"stems per hectare","Tree counting changes with time, see methods."
"foster_2009",1948,NA,NA,"Harvard Forest","F",NA,NA,"logged","logging","AI","T3",NA,"terrestrial","plants",25,"density",49.38,"stems per hectare","Tree counting changes with time, see methods."
"foster_2009",1948,NA,NA,"Harvard Forest","J",NA,NA,"logged","logging","AI","T3",NA,"terrestrial","plants",25,"density",222.22,"stems per hectare","Tree counting changes with time, see methods."
"foster_2009",1948,NA,NA,"Harvard Forest","K",NA,NA,"logged","logging","AI","T3",NA,"terrestrial","plants",25,"density",271.6,"stems per hectare","Tree counting changes with time, see methods."
"foster_2009",1948,NA,NA,"Harvard Forest","L",NA,NA,"logged","logging","AI","T3",NA,"terrestrial","plants",25,"density",222.22,"stems per hectare","Tree counting changes with time, see methods."
"foster_2009",1948,NA,NA,"Harvard Forest","E",NA,NA,"logged","logging","AI","T3",NA,"terrestrial","plants",46,"density",24.69,"stems per hectare","Tree counting changes with time, see methods."
"foster_2009",1948,NA,NA,"Harvard Forest","L",NA,NA,"logged","logging","AI","T3",NA,"terrestrial","plants",46,"density",24.69,"stems per hectare","Tree counting changes with time, see methods."
"foster_2009",1948,NA,NA,"Harvard Forest","D",NA,NA,"logged","logging","AI","T3",NA,"terrestrial","plants",48,"density",271.6,"stems per hectare","Tree counting changes with time, see methods."
"foster_2009",1948,NA,NA,"Harvard Forest","F",NA,NA,"logged","logging","AI","T3",NA,"terrestrial","plants",48,"density",2370.37,"stems per hectare","Tree counting changes with time, see methods."
"foster_2009",1948,NA,NA,"Harvard Forest","G",NA,NA,"logged","logging","AI","T3",NA,"terrestrial","plants",48,"density",49.38,"stems per hectare","Tree counting changes with time, see methods."
"foster_2009",1948,NA,NA,"Harvard Forest","H",NA,NA,"logged","logging","AI","T3",NA,"terrestrial","plants",48,"density",2271.6,"stems per hectare","Tree counting changes with time, see methods."
"foster_2009",1948,NA,NA,"Harvard Forest","I",NA,NA,"logged","logging","AI","T3",NA,"terrestrial","plants",48,"density",8395.06,"stems per hectare","Tree counting changes with time, see methods."
"foster_2009",1948,NA,NA,"Harvard Forest","J",NA,NA,"logged","logging","AI","T3",NA,"terrestrial","plants",48,"density",74.07,"stems per hectare","Tree counting changes with time, see methods."
"foster_2009",1948,NA,NA,"Harvard Forest","K",NA,NA,"logged","logging","AI","T3",NA,"terrestrial","plants",48,"density",469.14,"stems per hectare","Tree counting changes with time, see methods."
"foster_2009",1948,NA,NA,"Harvard Forest","L",NA,NA,"logged","logging","AI","T3",NA,"terrestrial","plants",48,"density",24.69,"stems per hectare","Tree counting changes with time, see methods."
"foster_2009",1948,NA,NA,"Harvard Forest","B",NA,NA,"logged","logging","AI","T3",NA,"terrestrial","plants",78,"density",1283.95,"stems per hectare","Tree counting changes with time, see methods."
"foster_2009",1948,NA,NA,"Harvard Forest","C",NA,NA,"logged","logging","AI","T3",NA,"terrestrial","plants",78,"density",197.53,"stems per hectare","Tree counting changes with time, see methods."
"foster_2009",1948,NA,NA,"Harvard Forest","D",NA,NA,"logged","logging","AI","T3",NA,"terrestrial","plants",78,"density",1876.54,"stems per hectare","Tree counting changes with time, see methods."
"foster_2009",1948,NA,NA,"Harvard Forest","E",NA,NA,"logged","logging","AI","T3",NA,"terrestrial","plants",78,"density",49.38,"stems per hectare","Tree counting changes with time, see methods."
"foster_2009",1948,NA,NA,"Harvard Forest","F",NA,NA,"logged","logging","AI","T3",NA,"terrestrial","plants",78,"density",518.52,"stems per hectare","Tree counting changes with time, see methods."
"foster_2009",1948,NA,NA,"Harvard Forest","G",NA,NA,"logged","logging","AI","T3",NA,"terrestrial","plants",78,"density",567.9,"stems per hectare","Tree counting changes with time, see methods."
"foster_2009",1948,NA,NA,"Harvard Forest","H",NA,NA,"logged","logging","AI","T3",NA,"terrestrial","plants",78,"density",197.53,"stems per hectare","Tree counting changes with time, see methods."
"foster_2009",1948,NA,NA,"Harvard Forest","I",NA,NA,"logged","logging","AI","T3",NA,"terrestrial","plants",78,"density",1382.72,"stems per hectare","Tree counting changes with time, see methods."
"foster_2009",1948,NA,NA,"Harvard Forest","J",NA,NA,"logged","logging","AI","T3",NA,"terrestrial","plants",78,"density",123.46,"stems per hectare","Tree counting changes with time, see methods."
"foster_2009",1948,NA,NA,"Harvard Forest","K",NA,NA,"logged","logging","AI","T3",NA,"terrestrial","plants",78,"density",1827.16,"stems per hectare","Tree counting changes with time, see methods."
"foster_2009",1948,NA,NA,"Harvard Forest","L",NA,NA,"logged","logging","AI","T3",NA,"terrestrial","plants",78,"density",1234.57,"stems per hectare","Tree counting changes with time, see methods."
"foster_2009",1948,NA,NA,"Harvard Forest","M",NA,NA,"logged","logging","AI","T3",NA,"terrestrial","plants",78,"density",3679.01,"stems per hectare","Tree counting changes with time, see methods."
"foster_2009",1948,NA,NA,"Harvard Forest","N",NA,NA,"logged","logging","AI","T3",NA,"terrestrial","plants",78,"density",4074.07,"stems per hectare","Tree counting changes with time, see methods."
"foster_2009",1948,NA,NA,"Harvard Forest","E",NA,NA,"logged","logging","AI","T3",NA,"terrestrial","plants",15,"density",444.5,"stems per hectare","Tree counting changes with time, see methods."
"foster_2009",1948,NA,NA,"Harvard Forest","F",NA,NA,"logged","logging","AI","T3",NA,"terrestrial","plants",15,"density",148.1,"stems per hectare","Tree counting changes with time, see methods."
"foster_2009",1948,NA,NA,"Harvard Forest","G",NA,NA,"logged","logging","AI","T3",NA,"terrestrial","plants",15,"density",49.4,"stems per hectare","Tree counting changes with time, see methods."
"foster_2009",1948,NA,NA,"Harvard Forest","H",NA,NA,"logged","logging","AI","T3",NA,"terrestrial","plants",15,"density",1580.25,"stems per hectare","Tree counting changes with time, see methods."
"foster_2009",1948,NA,NA,"Harvard Forest","I",NA,NA,"logged","logging","AI","T3",NA,"terrestrial","plants",15,"density",1679,"stems per hectare","Tree counting changes with time, see methods."
"foster_2009",1948,NA,NA,"Harvard Forest","J",NA,NA,"logged","logging","AI","T3",NA,"terrestrial","plants",15,"density",24.7,"stems per hectare","Tree counting changes with time, see methods."
"foster_2009",1948,NA,NA,"Harvard Forest","K",NA,NA,"logged","logging","AI","T3",NA,"terrestrial","plants",15,"density",74.1,"stems per hectare","Tree counting changes with time, see methods."
"foster_2009",1948,NA,NA,"Harvard Forest","M",NA,NA,"logged","logging","AI","T3",NA,"terrestrial","plants",15,"density",24.7,"stems per hectare","Tree counting changes with time, see methods."
"foster_2009",1948,NA,NA,"Harvard Forest","N",NA,NA,"logged","logging","AI","T3",NA,"terrestrial","plants",15,"density",148.15,"stems per hectare","Tree counting changes with time, see methods."
"foster_2009",1948,NA,NA,"Harvard Forest","B",NA,NA,"logged","logging","AI","T3",NA,"terrestrial","plants",89,"density",21925.93,"stems per hectare","Tree counting changes with time, see methods."
"foster_2009",1948,NA,NA,"Harvard Forest","C",NA,NA,"logged","logging","AI","T3",NA,"terrestrial","plants",89,"density",2666.67,"stems per hectare","Tree counting changes with time, see methods."
"foster_2009",1948,NA,NA,"Harvard Forest","D",NA,NA,"logged","logging","AI","T3",NA,"terrestrial","plants",89,"density",493.83,"stems per hectare","Tree counting changes with time, see methods."
"foster_2009",1948,NA,NA,"Harvard Forest","E",NA,NA,"logged","logging","AI","T3",NA,"terrestrial","plants",89,"density",1580.25,"stems per hectare","Tree counting changes with time, see methods."
"foster_2009",1948,NA,NA,"Harvard Forest","F",NA,NA,"logged","logging","AI","T3",NA,"terrestrial","plants",89,"density",370.37,"stems per hectare","Tree counting changes with time, see methods."
"foster_2009",1948,NA,NA,"Harvard Forest","G",NA,NA,"logged","logging","AI","T3",NA,"terrestrial","plants",89,"density",345.68,"stems per hectare","Tree counting changes with time, see methods."
"foster_2009",1948,NA,NA,"Harvard Forest","H",NA,NA,"logged","logging","AI","T3",NA,"terrestrial","plants",89,"density",296.3,"stems per hectare","Tree counting changes with time, see methods."
"foster_2009",1948,NA,NA,"Harvard Forest","I",NA,NA,"logged","logging","AI","T3",NA,"terrestrial","plants",89,"density",790.12,"stems per hectare","Tree counting changes with time, see methods."
"foster_2009",1948,NA,NA,"Harvard Forest","J",NA,NA,"logged","logging","AI","T3",NA,"terrestrial","plants",89,"density",2666.67,"stems per hectare","Tree counting changes with time, see methods."
"foster_2009",1948,NA,NA,"Harvard Forest","K",NA,NA,"logged","logging","AI","T3",NA,"terrestrial","plants",89,"density",740.74,"stems per hectare","Tree counting changes with time, see methods."
"foster_2009",1948,NA,NA,"Harvard Forest","L",NA,NA,"logged","logging","AI","T3",NA,"terrestrial","plants",89,"density",814.81,"stems per hectare","Tree counting changes with time, see methods."
"foster_2009",1948,NA,NA,"Harvard Forest","N",NA,NA,"logged","logging","AI","T3",NA,"terrestrial","plants",89,"density",74.07,"stems per hectare","Tree counting changes with time, see methods."
"foster_2009",1948,NA,NA,"Harvard Forest","D",NA,NA,"logged","logging","AI","T3",NA,"terrestrial","plants",90,"density",395.06,"stems per hectare","Tree counting changes with time, see methods."
"foster_2009",1948,NA,NA,"Harvard Forest","E",NA,NA,"logged","logging","AI","T3",NA,"terrestrial","plants",90,"density",49.38,"stems per hectare","Tree counting changes with time, see methods."
"foster_2009",1948,NA,NA,"Harvard Forest","F",NA,NA,"logged","logging","AI","T3",NA,"terrestrial","plants",90,"density",1456.79,"stems per hectare","Tree counting changes with time, see methods."
"foster_2009",1948,NA,NA,"Harvard Forest","G",NA,NA,"logged","logging","AI","T3",NA,"terrestrial","plants",90,"density",1580.25,"stems per hectare","Tree counting changes with time, see methods."
"foster_2009",1948,NA,NA,"Harvard Forest","H",NA,NA,"logged","logging","AI","T3",NA,"terrestrial","plants",90,"density",1086.42,"stems per hectare","Tree counting changes with time, see methods."
"foster_2009",1948,NA,NA,"Harvard Forest","I",NA,NA,"logged","logging","AI","T3",NA,"terrestrial","plants",90,"density",790.12,"stems per hectare","Tree counting changes with time, see methods."
"foster_2009",1948,NA,NA,"Harvard Forest","J",NA,NA,"logged","logging","AI","T3",NA,"terrestrial","plants",90,"density",3530.86,"stems per hectare","Tree counting changes with time, see methods."
"foster_2009",1948,NA,NA,"Harvard Forest","K",NA,NA,"logged","logging","AI","T3",NA,"terrestrial","plants",90,"density",493.83,"stems per hectare","Tree counting changes with time, see methods."
"foster_2009",1948,NA,NA,"Harvard Forest","L",NA,NA,"logged","logging","AI","T3",NA,"terrestrial","plants",90,"density",691.36,"stems per hectare","Tree counting changes with time, see methods."
"foster_2009",1948,NA,NA,"Harvard Forest","M",NA,NA,"logged","logging","AI","T3",NA,"terrestrial","plants",90,"density",345.68,"stems per hectare","Tree counting changes with time, see methods."
"foster_2009",1948,NA,NA,"Harvard Forest","N",NA,NA,"logged","logging","AI","T3",NA,"terrestrial","plants",90,"density",345.68,"stems per hectare","Tree counting changes with time, see methods."
"foster_2009",1948,NA,NA,"Harvard Forest","D",NA,NA,"logged","logging","AI","T3",NA,"terrestrial","plants",94,"density",197.53,"stems per hectare","Tree counting changes with time, see methods."
"foster_2009",1948,NA,NA,"Harvard Forest","F",NA,NA,"logged","logging","AI","T3",NA,"terrestrial","plants",94,"density",395.06,"stems per hectare","Tree counting changes with time, see methods."
"foster_2009",1948,NA,NA,"Harvard Forest","G",NA,NA,"logged","logging","AI","T3",NA,"terrestrial","plants",94,"density",740.74,"stems per hectare","Tree counting changes with time, see methods."
"foster_2009",1948,NA,NA,"Harvard Forest","J",NA,NA,"logged","logging","AI","T3",NA,"terrestrial","plants",94,"density",222.22,"stems per hectare","Tree counting changes with time, see methods."
"foster_2009",1948,NA,NA,"Harvard Forest","L",NA,NA,"logged","logging","AI","T3",NA,"terrestrial","plants",94,"density",123.46,"stems per hectare","Tree counting changes with time, see methods."
"foster_2009",1948,NA,NA,"Harvard Forest","M",NA,NA,"logged","logging","AI","T3",NA,"terrestrial","plants",94,"density",123.46,"stems per hectare","Tree counting changes with time, see methods."
"foster_2009",1948,NA,NA,"Harvard Forest","N",NA,NA,"logged","logging","AI","T3",NA,"terrestrial","plants",94,"density",345.68,"stems per hectare","Tree counting changes with time, see methods."
"foster_2009",1948,NA,NA,"Harvard Forest","B",NA,NA,"logged","logging","AI","T3",NA,"terrestrial","plants",95,"density",98.77,"stems per hectare","Tree counting changes with time, see methods."
"foster_2009",1948,NA,NA,"Harvard Forest","D",NA,NA,"logged","logging","AI","T3",NA,"terrestrial","plants",95,"density",246.91,"stems per hectare","Tree counting changes with time, see methods."
"foster_2009",1948,NA,NA,"Harvard Forest","E",NA,NA,"logged","logging","AI","T3",NA,"terrestrial","plants",95,"density",419.75,"stems per hectare","Tree counting changes with time, see methods."
"foster_2009",1948,NA,NA,"Harvard Forest","F",NA,NA,"logged","logging","AI","T3",NA,"terrestrial","plants",95,"density",962.96,"stems per hectare","Tree counting changes with time, see methods."
"foster_2009",1948,NA,NA,"Harvard Forest","G",NA,NA,"logged","logging","AI","T3",NA,"terrestrial","plants",95,"density",1506.17,"stems per hectare","Tree counting changes with time, see methods."
"foster_2009",1948,NA,NA,"Harvard Forest","I",NA,NA,"logged","logging","AI","T3",NA,"terrestrial","plants",95,"density",1086.42,"stems per hectare","Tree counting changes with time, see methods."
"foster_2009",1948,NA,NA,"Harvard Forest","J",NA,NA,"logged","logging","AI","T3",NA,"terrestrial","plants",95,"density",345.68,"stems per hectare","Tree counting changes with time, see methods."
"foster_2009",1948,NA,NA,"Harvard Forest","K",NA,NA,"logged","logging","AI","T3",NA,"terrestrial","plants",95,"density",271.6,"stems per hectare","Tree counting changes with time, see methods."
"foster_2009",1948,NA,NA,"Harvard Forest","L",NA,NA,"logged","logging","AI","T3",NA,"terrestrial","plants",95,"density",197.53,"stems per hectare","Tree counting changes with time, see methods."
"foster_2009",1948,NA,NA,"Harvard Forest","M",NA,NA,"logged","logging","AI","T3",NA,"terrestrial","plants",95,"density",271.6,"stems per hectare","Tree counting changes with time, see methods."
"foster_2009",1948,NA,NA,"Harvard Forest","N",NA,NA,"logged","logging","AI","T3",NA,"terrestrial","plants",95,"density",1234.57,"stems per hectare","Tree counting changes with time, see methods."
"foster_2009",1948,NA,NA,"Harvard Forest","E",NA,NA,"logged","logging","AI","T3",NA,"terrestrial","plants",22,"density",49.38,"stems per hectare","Tree counting changes with time, see methods."
"foster_2009",1948,NA,NA,"Harvard Forest","J",NA,NA,"logged","logging","AI","T3",NA,"terrestrial","plants",22,"density",296.3,"stems per hectare","Tree counting changes with time, see methods."
"foster_2009",1948,NA,NA,"Harvard Forest","L",NA,NA,"logged","logging","AI","T3",NA,"terrestrial","plants",22,"density",49.38,"stems per hectare","Tree counting changes with time, see methods."
"foster_2009",1948,NA,NA,"Harvard Forest","M",NA,NA,"logged","logging","AI","T3",NA,"terrestrial","plants",22,"density",24.69,"stems per hectare","Tree counting changes with time, see methods."
"foster_2009",1948,NA,NA,"Harvard Forest","N",NA,NA,"logged","logging","AI","T3",NA,"terrestrial","plants",22,"density",49.38,"stems per hectare","Tree counting changes with time, see methods."
"foster_2009",1948,NA,NA,"Harvard Forest","F",NA,NA,"logged","logging","AI","T3",NA,"terrestrial","plants",120,"density",24.69,"stems per hectare","Tree counting changes with time, see methods."
"foster_2009",1948,NA,NA,"Harvard Forest","K",NA,NA,"logged","logging","AI","T3",NA,"terrestrial","plants",120,"density",74.07,"stems per hectare","Tree counting changes with time, see methods."
"foster_2009",1948,NA,NA,"Harvard Forest","L",NA,NA,"logged","logging","AI","T3",NA,"terrestrial","plants",120,"density",24.69,"stems per hectare","Tree counting changes with time, see methods."
"foster_2009",1948,NA,NA,"Harvard Forest","C",NA,NA,"logged","logging","AI","T3",NA,"terrestrial","plants",124,"density",98.77,"stems per hectare","Tree counting changes with time, see methods."
"foster_2009",1948,NA,NA,"Harvard Forest","D",NA,NA,"logged","logging","AI","T3",NA,"terrestrial","plants",124,"density",222.22,"stems per hectare","Tree counting changes with time, see methods."
"foster_2009",1948,NA,NA,"Harvard Forest","N",NA,NA,"logged","logging","AI","T3",NA,"terrestrial","plants",124,"density",172.84,"stems per hectare","Tree counting changes with time, see methods."
"foster_2009",1948,NA,NA,"Harvard Forest","L",NA,NA,"logged","logging","AI","T3",NA,"terrestrial","plants",125,"density",24.69,"stems per hectare","Tree counting changes with time, see methods."
"foster_2009",1978,NA,NA,"Harvard Forest","D",NA,NA,"logged","logging","AI","T4",NA,"terrestrial","plants",1,"density",49.38,"stems per hectare","Tree counting changes with time, see methods."
"foster_2009",1978,NA,NA,"Harvard Forest","B",NA,NA,"logged","logging","AI","T4",NA,"terrestrial","plants",2,"density",493.83,"stems per hectare","Tree counting changes with time, see methods."
"foster_2009",1978,NA,NA,"Harvard Forest","C",NA,NA,"logged","logging","AI","T4",NA,"terrestrial","plants",2,"density",197.53,"stems per hectare","Tree counting changes with time, see methods."
"foster_2009",1978,NA,NA,"Harvard Forest","D",NA,NA,"logged","logging","AI","T4",NA,"terrestrial","plants",2,"density",641.98,"stems per hectare","Tree counting changes with time, see methods."
"foster_2009",1978,NA,NA,"Harvard Forest","E",NA,NA,"logged","logging","AI","T4",NA,"terrestrial","plants",2,"density",98.77,"stems per hectare","Tree counting changes with time, see methods."
"foster_2009",1978,NA,NA,"Harvard Forest","F",NA,NA,"logged","logging","AI","T4",NA,"terrestrial","plants",2,"density",1481.48,"stems per hectare","Tree counting changes with time, see methods."
"foster_2009",1978,NA,NA,"Harvard Forest","G",NA,NA,"logged","logging","AI","T4",NA,"terrestrial","plants",2,"density",1777.78,"stems per hectare","Tree counting changes with time, see methods."
"foster_2009",1978,NA,NA,"Harvard Forest","H",NA,NA,"logged","logging","AI","T4",NA,"terrestrial","plants",2,"density",98.77,"stems per hectare","Tree counting changes with time, see methods."
"foster_2009",1978,NA,NA,"Harvard Forest","I",NA,NA,"logged","logging","AI","T4",NA,"terrestrial","plants",2,"density",592.59,"stems per hectare","Tree counting changes with time, see methods."
"foster_2009",1978,NA,NA,"Harvard Forest","J",NA,NA,"logged","logging","AI","T4",NA,"terrestrial","plants",2,"density",2666.67,"stems per hectare","Tree counting changes with time, see methods."
"foster_2009",1978,NA,NA,"Harvard Forest","K",NA,NA,"logged","logging","AI","T4",NA,"terrestrial","plants",2,"density",938.27,"stems per hectare","Tree counting changes with time, see methods."
"foster_2009",1978,NA,NA,"Harvard Forest","L",NA,NA,"logged","logging","AI","T4",NA,"terrestrial","plants",2,"density",98.77,"stems per hectare","Tree counting changes with time, see methods."
"foster_2009",1978,NA,NA,"Harvard Forest","M",NA,NA,"logged","logging","AI","T4",NA,"terrestrial","plants",2,"density",444.44,"stems per hectare","Tree counting changes with time, see methods."
"foster_2009",1978,NA,NA,"Harvard Forest","N",NA,NA,"logged","logging","AI","T4",NA,"terrestrial","plants",2,"density",345.68,"stems per hectare","Tree counting changes with time, see methods."
"foster_2009",1978,NA,NA,"Harvard Forest","D",NA,NA,"logged","logging","AI","T4",NA,"terrestrial","plants",3,"density",98.77,"stems per hectare","Tree counting changes with time, see methods."
"foster_2009",1978,NA,NA,"Harvard Forest","F",NA,NA,"logged","logging","AI","T4",NA,"terrestrial","plants",3,"density",49.38,"stems per hectare","Tree counting changes with time, see methods."
"foster_2009",1978,NA,NA,"Harvard Forest","H",NA,NA,"logged","logging","AI","T4",NA,"terrestrial","plants",3,"density",98.77,"stems per hectare","Tree counting changes with time, see methods."
"foster_2009",1978,NA,NA,"Harvard Forest","B",NA,NA,"logged","logging","AI","T4",NA,"terrestrial","plants",18,"density",395.06,"stems per hectare","Tree counting changes with time, see methods."
"foster_2009",1978,NA,NA,"Harvard Forest","D",NA,NA,"logged","logging","AI","T4",NA,"terrestrial","plants",18,"density",49.38,"stems per hectare","Tree counting changes with time, see methods."
"foster_2009",1978,NA,NA,"Harvard Forest","F",NA,NA,"logged","logging","AI","T4",NA,"terrestrial","plants",18,"density",246.91,"stems per hectare","Tree counting changes with time, see methods."
"foster_2009",1978,NA,NA,"Harvard Forest","D",NA,NA,"logged","logging","AI","T4",NA,"terrestrial","plants",19,"density",345.68,"stems per hectare","Tree counting changes with time, see methods."
"foster_2009",1978,NA,NA,"Harvard Forest","F",NA,NA,"logged","logging","AI","T4",NA,"terrestrial","plants",19,"density",839.51,"stems per hectare","Tree counting changes with time, see methods."
"foster_2009",1978,NA,NA,"Harvard Forest","I",NA,NA,"logged","logging","AI","T4",NA,"terrestrial","plants",19,"density",296.3,"stems per hectare","Tree counting changes with time, see methods."
"foster_2009",1978,NA,NA,"Harvard Forest","M",NA,NA,"logged","logging","AI","T4",NA,"terrestrial","plants",19,"density",49.38,"stems per hectare","Tree counting changes with time, see methods."
"foster_2009",1978,NA,NA,"Harvard Forest","B",NA,NA,"logged","logging","AI","T4",NA,"terrestrial","plants",20,"density",197.53,"stems per hectare","Tree counting changes with time, see methods."
"foster_2009",1978,NA,NA,"Harvard Forest","C",NA,NA,"logged","logging","AI","T4",NA,"terrestrial","plants",20,"density",197.53,"stems per hectare","Tree counting changes with time, see methods."
"foster_2009",1978,NA,NA,"Harvard Forest","D",NA,NA,"logged","logging","AI","T4",NA,"terrestrial","plants",20,"density",493.83,"stems per hectare","Tree counting changes with time, see methods."
"foster_2009",1978,NA,NA,"Harvard Forest","E",NA,NA,"logged","logging","AI","T4",NA,"terrestrial","plants",20,"density",691.36,"stems per hectare","Tree counting changes with time, see methods."
"foster_2009",1978,NA,NA,"Harvard Forest","F",NA,NA,"logged","logging","AI","T4",NA,"terrestrial","plants",20,"density",98.77,"stems per hectare","Tree counting changes with time, see methods."
"foster_2009",1978,NA,NA,"Harvard Forest","G",NA,NA,"logged","logging","AI","T4",NA,"terrestrial","plants",20,"density",98.77,"stems per hectare","Tree counting changes with time, see methods."
"foster_2009",1978,NA,NA,"Harvard Forest","H",NA,NA,"logged","logging","AI","T4",NA,"terrestrial","plants",20,"density",197.53,"stems per hectare","Tree counting changes with time, see methods."
"foster_2009",1978,NA,NA,"Harvard Forest","I",NA,NA,"logged","logging","AI","T4",NA,"terrestrial","plants",20,"density",592.59,"stems per hectare","Tree counting changes with time, see methods."
"foster_2009",1978,NA,NA,"Harvard Forest","N",NA,NA,"logged","logging","AI","T4",NA,"terrestrial","plants",20,"density",49.38,"stems per hectare","Tree counting changes with time, see methods."
"foster_2009",1978,NA,NA,"Harvard Forest","B",NA,NA,"logged","logging","AI","T4",NA,"terrestrial","plants",21,"density",197.53,"stems per hectare","Tree counting changes with time, see methods."
"foster_2009",1978,NA,NA,"Harvard Forest","C",NA,NA,"logged","logging","AI","T4",NA,"terrestrial","plants",21,"density",1382.72,"stems per hectare","Tree counting changes with time, see methods."
"foster_2009",1978,NA,NA,"Harvard Forest","E",NA,NA,"logged","logging","AI","T4",NA,"terrestrial","plants",21,"density",98.77,"stems per hectare","Tree counting changes with time, see methods."
"foster_2009",1978,NA,NA,"Harvard Forest","F",NA,NA,"logged","logging","AI","T4",NA,"terrestrial","plants",21,"density",98.77,"stems per hectare","Tree counting changes with time, see methods."
"foster_2009",1978,NA,NA,"Harvard Forest","G",NA,NA,"logged","logging","AI","T4",NA,"terrestrial","plants",21,"density",592.59,"stems per hectare","Tree counting changes with time, see methods."
"foster_2009",1978,NA,NA,"Harvard Forest","J",NA,NA,"logged","logging","AI","T4",NA,"terrestrial","plants",21,"density",790.12,"stems per hectare","Tree counting changes with time, see methods."
"foster_2009",1978,NA,NA,"Harvard Forest","K",NA,NA,"logged","logging","AI","T4",NA,"terrestrial","plants",21,"density",98.77,"stems per hectare","Tree counting changes with time, see methods."
"foster_2009",1978,NA,NA,"Harvard Forest","L",NA,NA,"logged","logging","AI","T4",NA,"terrestrial","plants",21,"density",246.91,"stems per hectare","Tree counting changes with time, see methods."
"foster_2009",1978,NA,NA,"Harvard Forest","M",NA,NA,"logged","logging","AI","T4",NA,"terrestrial","plants",21,"density",246.91,"stems per hectare","Tree counting changes with time, see methods."
"foster_2009",1978,NA,NA,"Harvard Forest","K",NA,NA,"logged","logging","AI","T4",NA,"terrestrial","plants",25,"density",98.77,"stems per hectare","Tree counting changes with time, see methods."
"foster_2009",1978,NA,NA,"Harvard Forest","L",NA,NA,"logged","logging","AI","T4",NA,"terrestrial","plants",25,"density",98.77,"stems per hectare","Tree counting changes with time, see methods."
"foster_2009",1978,NA,NA,"Harvard Forest","D",NA,NA,"logged","logging","AI","T4",NA,"terrestrial","plants",48,"density",49.38,"stems per hectare","Tree counting changes with time, see methods."
"foster_2009",1978,NA,NA,"Harvard Forest","H",NA,NA,"logged","logging","AI","T4",NA,"terrestrial","plants",48,"density",493.83,"stems per hectare","Tree counting changes with time, see methods."
"foster_2009",1978,NA,NA,"Harvard Forest","I",NA,NA,"logged","logging","AI","T4",NA,"terrestrial","plants",48,"density",1382.72,"stems per hectare","Tree counting changes with time, see methods."
"foster_2009",1978,NA,NA,"Harvard Forest","K",NA,NA,"logged","logging","AI","T4",NA,"terrestrial","plants",48,"density",98.77,"stems per hectare","Tree counting changes with time, see methods."
"foster_2009",1978,NA,NA,"Harvard Forest","B",NA,NA,"logged","logging","AI","T4",NA,"terrestrial","plants",78,"density",1382.72,"stems per hectare","Tree counting changes with time, see methods."
"foster_2009",1978,NA,NA,"Harvard Forest","C",NA,NA,"logged","logging","AI","T4",NA,"terrestrial","plants",78,"density",296.3,"stems per hectare","Tree counting changes with time, see methods."
"foster_2009",1978,NA,NA,"Harvard Forest","D",NA,NA,"logged","logging","AI","T4",NA,"terrestrial","plants",78,"density",345.68,"stems per hectare","Tree counting changes with time, see methods."
"foster_2009",1978,NA,NA,"Harvard Forest","E",NA,NA,"logged","logging","AI","T4",NA,"terrestrial","plants",78,"density",444.44,"stems per hectare","Tree counting changes with time, see methods."
"foster_2009",1978,NA,NA,"Harvard Forest","F",NA,NA,"logged","logging","AI","T4",NA,"terrestrial","plants",78,"density",296.3,"stems per hectare","Tree counting changes with time, see methods."
"foster_2009",1978,NA,NA,"Harvard Forest","G",NA,NA,"logged","logging","AI","T4",NA,"terrestrial","plants",78,"density",1037.04,"stems per hectare","Tree counting changes with time, see methods."
"foster_2009",1978,NA,NA,"Harvard Forest","H",NA,NA,"logged","logging","AI","T4",NA,"terrestrial","plants",78,"density",98.77,"stems per hectare","Tree counting changes with time, see methods."
"foster_2009",1978,NA,NA,"Harvard Forest","I",NA,NA,"logged","logging","AI","T4",NA,"terrestrial","plants",78,"density",987.65,"stems per hectare","Tree counting changes with time, see methods."
"foster_2009",1978,NA,NA,"Harvard Forest","J",NA,NA,"logged","logging","AI","T4",NA,"terrestrial","plants",78,"density",839.51,"stems per hectare","Tree counting changes with time, see methods."
"foster_2009",1978,NA,NA,"Harvard Forest","K",NA,NA,"logged","logging","AI","T4",NA,"terrestrial","plants",78,"density",1333.33,"stems per hectare","Tree counting changes with time, see methods."
"foster_2009",1978,NA,NA,"Harvard Forest","L",NA,NA,"logged","logging","AI","T4",NA,"terrestrial","plants",78,"density",1530.86,"stems per hectare","Tree counting changes with time, see methods."
"foster_2009",1978,NA,NA,"Harvard Forest","M",NA,NA,"logged","logging","AI","T4",NA,"terrestrial","plants",78,"density",2419.75,"stems per hectare","Tree counting changes with time, see methods."
"foster_2009",1978,NA,NA,"Harvard Forest","N",NA,NA,"logged","logging","AI","T4",NA,"terrestrial","plants",78,"density",2913.58,"stems per hectare","Tree counting changes with time, see methods."
"foster_2009",1978,NA,NA,"Harvard Forest","F",NA,NA,"logged","logging","AI","T4",NA,"terrestrial","plants",15,"density",49.38,"stems per hectare","Tree counting changes with time, see methods."
"foster_2009",1978,NA,NA,"Harvard Forest","H",NA,NA,"logged","logging","AI","T4",NA,"terrestrial","plants",15,"density",98.77,"stems per hectare","Tree counting changes with time, see methods."
"foster_2009",1978,NA,NA,"Harvard Forest","K",NA,NA,"logged","logging","AI","T4",NA,"terrestrial","plants",15,"density",49.38,"stems per hectare","Tree counting changes with time, see methods."
"foster_2009",1978,NA,NA,"Harvard Forest","B",NA,NA,"logged","logging","AI","T4",NA,"terrestrial","plants",90,"density",98.77,"stems per hectare","Tree counting changes with time, see methods."
"foster_2009",1978,NA,NA,"Harvard Forest","G",NA,NA,"logged","logging","AI","T4",NA,"terrestrial","plants",90,"density",49.38,"stems per hectare","Tree counting changes with time, see methods."
"foster_2009",1978,NA,NA,"Harvard Forest","J",NA,NA,"logged","logging","AI","T4",NA,"terrestrial","plants",90,"density",296.3,"stems per hectare","Tree counting changes with time, see methods."
"foster_2009",1978,NA,NA,"Harvard Forest","K",NA,NA,"logged","logging","AI","T4",NA,"terrestrial","plants",90,"density",197.53,"stems per hectare","Tree counting changes with time, see methods."
"foster_2009",1978,NA,NA,"Harvard Forest","L",NA,NA,"logged","logging","AI","T4",NA,"terrestrial","plants",90,"density",395.06,"stems per hectare","Tree counting changes with time, see methods."
"foster_2009",1978,NA,NA,"Harvard Forest","M",NA,NA,"logged","logging","AI","T4",NA,"terrestrial","plants",90,"density",98.77,"stems per hectare","Tree counting changes with time, see methods."
"foster_2009",1978,NA,NA,"Harvard Forest","D",NA,NA,"logged","logging","AI","T4",NA,"terrestrial","plants",94,"density",49.38,"stems per hectare","Tree counting changes with time, see methods."
"foster_2009",1978,NA,NA,"Harvard Forest","F",NA,NA,"logged","logging","AI","T4",NA,"terrestrial","plants",94,"density",98.77,"stems per hectare","Tree counting changes with time, see methods."
"foster_2009",1978,NA,NA,"Harvard Forest","G",NA,NA,"logged","logging","AI","T4",NA,"terrestrial","plants",94,"density",246.91,"stems per hectare","Tree counting changes with time, see methods."
"foster_2009",1978,NA,NA,"Harvard Forest","L",NA,NA,"logged","logging","AI","T4",NA,"terrestrial","plants",94,"density",98.77,"stems per hectare","Tree counting changes with time, see methods."
"foster_2009",1978,NA,NA,"Harvard Forest","M",NA,NA,"logged","logging","AI","T4",NA,"terrestrial","plants",94,"density",148.15,"stems per hectare","Tree counting changes with time, see methods."
"foster_2009",1978,NA,NA,"Harvard Forest","N",NA,NA,"logged","logging","AI","T4",NA,"terrestrial","plants",94,"density",49.38,"stems per hectare","Tree counting changes with time, see methods."
"foster_2009",1978,NA,NA,"Harvard Forest","B",NA,NA,"logged","logging","AI","T4",NA,"terrestrial","plants",95,"density",98.77,"stems per hectare","Tree counting changes with time, see methods."
"foster_2009",1978,NA,NA,"Harvard Forest","E",NA,NA,"logged","logging","AI","T4",NA,"terrestrial","plants",95,"density",592.59,"stems per hectare","Tree counting changes with time, see methods."
"foster_2009",1978,NA,NA,"Harvard Forest","F",NA,NA,"logged","logging","AI","T4",NA,"terrestrial","plants",95,"density",493.83,"stems per hectare","Tree counting changes with time, see methods."
"foster_2009",1978,NA,NA,"Harvard Forest","G",NA,NA,"logged","logging","AI","T4",NA,"terrestrial","plants",95,"density",444.44,"stems per hectare","Tree counting changes with time, see methods."
"foster_2009",1978,NA,NA,"Harvard Forest","H",NA,NA,"logged","logging","AI","T4",NA,"terrestrial","plants",95,"density",197.53,"stems per hectare","Tree counting changes with time, see methods."
"foster_2009",1978,NA,NA,"Harvard Forest","I",NA,NA,"logged","logging","AI","T4",NA,"terrestrial","plants",95,"density",197.53,"stems per hectare","Tree counting changes with time, see methods."
"foster_2009",1978,NA,NA,"Harvard Forest","J",NA,NA,"logged","logging","AI","T4",NA,"terrestrial","plants",95,"density",98.77,"stems per hectare","Tree counting changes with time, see methods."
"foster_2009",1978,NA,NA,"Harvard Forest","K",NA,NA,"logged","logging","AI","T4",NA,"terrestrial","plants",95,"density",345.68,"stems per hectare","Tree counting changes with time, see methods."
"foster_2009",1978,NA,NA,"Harvard Forest","L",NA,NA,"logged","logging","AI","T4",NA,"terrestrial","plants",95,"density",296.3,"stems per hectare","Tree counting changes with time, see methods."
"foster_2009",1978,NA,NA,"Harvard Forest","M",NA,NA,"logged","logging","AI","T4",NA,"terrestrial","plants",95,"density",246.91,"stems per hectare","Tree counting changes with time, see methods."
"foster_2009",1978,NA,NA,"Harvard Forest","N",NA,NA,"logged","logging","AI","T4",NA,"terrestrial","plants",95,"density",98.77,"stems per hectare","Tree counting changes with time, see methods."
"foster_2009",1978,NA,NA,"Harvard Forest","K",NA,NA,"logged","logging","AI","T4",NA,"terrestrial","plants",120,"density",49.38,"stems per hectare","Tree counting changes with time, see methods."
"foster_2009",1978,NA,NA,"Harvard Forest","C",NA,NA,"logged","logging","AI","T4",NA,"terrestrial","plants",124,"density",592.59,"stems per hectare","Tree counting changes with time, see methods."
"foster_2009",1978,NA,NA,"Harvard Forest","D",NA,NA,"logged","logging","AI","T4",NA,"terrestrial","plants",124,"density",246.91,"stems per hectare","Tree counting changes with time, see methods."
"foster_2009",1978,NA,NA,"Harvard Forest","E",NA,NA,"logged","logging","AI","T4",NA,"terrestrial","plants",124,"density",1185.19,"stems per hectare","Tree counting changes with time, see methods."
"foster_2009",1978,NA,NA,"Harvard Forest","F",NA,NA,"logged","logging","AI","T4",NA,"terrestrial","plants",124,"density",49.38,"stems per hectare","Tree counting changes with time, see methods."
"foster_2009",1978,NA,NA,"Harvard Forest","G",NA,NA,"logged","logging","AI","T4",NA,"terrestrial","plants",124,"density",49.38,"stems per hectare","Tree counting changes with time, see methods."
"foster_2009",1978,NA,NA,"Harvard Forest","J",NA,NA,"logged","logging","AI","T4",NA,"terrestrial","plants",124,"density",49.38,"stems per hectare","Tree counting changes with time, see methods."
"foster_2009",1978,NA,NA,"Harvard Forest","M",NA,NA,"logged","logging","AI","T4",NA,"terrestrial","plants",124,"density",49.38,"stems per hectare","Tree counting changes with time, see methods."
"foster_2009",1978,NA,NA,"Harvard Forest","N",NA,NA,"logged","logging","AI","T4",NA,"terrestrial","plants",124,"density",246.91,"stems per hectare","Tree counting changes with time, see methods."
"foster_2009",1991,NA,NA,"Harvard Forest","B",NA,NA,"logged","logging","AI","T5",NA,"terrestrial","plants",2,"density",296.3,"stems per hectare","Tree counting changes with time, see methods."
"foster_2009",1991,NA,NA,"Harvard Forest","C",NA,NA,"logged","logging","AI","T5",NA,"terrestrial","plants",2,"density",296.3,"stems per hectare","Tree counting changes with time, see methods."
"foster_2009",1991,NA,NA,"Harvard Forest","D",NA,NA,"logged","logging","AI","T5",NA,"terrestrial","plants",2,"density",395.06,"stems per hectare","Tree counting changes with time, see methods."
"foster_2009",1991,NA,NA,"Harvard Forest","E",NA,NA,"logged","logging","AI","T5",NA,"terrestrial","plants",2,"density",74.07,"stems per hectare","Tree counting changes with time, see methods."
"foster_2009",1991,NA,NA,"Harvard Forest","F",NA,NA,"logged","logging","AI","T5",NA,"terrestrial","plants",2,"density",938.27,"stems per hectare","Tree counting changes with time, see methods."
"foster_2009",1991,NA,NA,"Harvard Forest","G",NA,NA,"logged","logging","AI","T5",NA,"terrestrial","plants",2,"density",1777.78,"stems per hectare","Tree counting changes with time, see methods."
"foster_2009",1991,NA,NA,"Harvard Forest","H",NA,NA,"logged","logging","AI","T5",NA,"terrestrial","plants",2,"density",197.53,"stems per hectare","Tree counting changes with time, see methods."
"foster_2009",1991,NA,NA,"Harvard Forest","I",NA,NA,"logged","logging","AI","T5",NA,"terrestrial","plants",2,"density",98.77,"stems per hectare","Tree counting changes with time, see methods."
"foster_2009",1991,NA,NA,"Harvard Forest","J",NA,NA,"logged","logging","AI","T5",NA,"terrestrial","plants",2,"density",1975.31,"stems per hectare","Tree counting changes with time, see methods."
"foster_2009",1991,NA,NA,"Harvard Forest","K",NA,NA,"logged","logging","AI","T5",NA,"terrestrial","plants",2,"density",543.21,"stems per hectare","Tree counting changes with time, see methods."
"foster_2009",1991,NA,NA,"Harvard Forest","L",NA,NA,"logged","logging","AI","T5",NA,"terrestrial","plants",2,"density",246.91,"stems per hectare","Tree counting changes with time, see methods."
"foster_2009",1991,NA,NA,"Harvard Forest","M",NA,NA,"logged","logging","AI","T5",NA,"terrestrial","plants",2,"density",246.91,"stems per hectare","Tree counting changes with time, see methods."
"foster_2009",1991,NA,NA,"Harvard Forest","N",NA,NA,"logged","logging","AI","T5",NA,"terrestrial","plants",2,"density",493.83,"stems per hectare","Tree counting changes with time, see methods."
"foster_2009",1991,NA,NA,"Harvard Forest","D",NA,NA,"logged","logging","AI","T5",NA,"terrestrial","plants",3,"density",98.77,"stems per hectare","Tree counting changes with time, see methods."
"foster_2009",1991,NA,NA,"Harvard Forest","H",NA,NA,"logged","logging","AI","T5",NA,"terrestrial","plants",3,"density",98.77,"stems per hectare","Tree counting changes with time, see methods."
"foster_2009",1991,NA,NA,"Harvard Forest","L",NA,NA,"logged","logging","AI","T5",NA,"terrestrial","plants",3,"density",24.69,"stems per hectare","Tree counting changes with time, see methods."
"foster_2009",1991,NA,NA,"Harvard Forest","N",NA,NA,"logged","logging","AI","T5",NA,"terrestrial","plants",3,"density",49.38,"stems per hectare","Tree counting changes with time, see methods."
"foster_2009",1991,NA,NA,"Harvard Forest","D",NA,NA,"logged","logging","AI","T5",NA,"terrestrial","plants",18,"density",24.69,"stems per hectare","Tree counting changes with time, see methods."
"foster_2009",1991,NA,NA,"Harvard Forest","F",NA,NA,"logged","logging","AI","T5",NA,"terrestrial","plants",18,"density",24.69,"stems per hectare","Tree counting changes with time, see methods."
"foster_2009",1991,NA,NA,"Harvard Forest","B",NA,NA,"logged","logging","AI","T5",NA,"terrestrial","plants",19,"density",395.06,"stems per hectare","Tree counting changes with time, see methods."
"foster_2009",1991,NA,NA,"Harvard Forest","D",NA,NA,"logged","logging","AI","T5",NA,"terrestrial","plants",19,"density",222.22,"stems per hectare","Tree counting changes with time, see methods."
"foster_2009",1991,NA,NA,"Harvard Forest","E",NA,NA,"logged","logging","AI","T5",NA,"terrestrial","plants",19,"density",74.07,"stems per hectare","Tree counting changes with time, see methods."
"foster_2009",1991,NA,NA,"Harvard Forest","F",NA,NA,"logged","logging","AI","T5",NA,"terrestrial","plants",19,"density",370.37,"stems per hectare","Tree counting changes with time, see methods."
"foster_2009",1991,NA,NA,"Harvard Forest","I",NA,NA,"logged","logging","AI","T5",NA,"terrestrial","plants",19,"density",296.3,"stems per hectare","Tree counting changes with time, see methods."
"foster_2009",1991,NA,NA,"Harvard Forest","M",NA,NA,"logged","logging","AI","T5",NA,"terrestrial","plants",19,"density",24.69,"stems per hectare","Tree counting changes with time, see methods."
"foster_2009",1991,NA,NA,"Harvard Forest","B",NA,NA,"logged","logging","AI","T5",NA,"terrestrial","plants",20,"density",197.53,"stems per hectare","Tree counting changes with time, see methods."
"foster_2009",1991,NA,NA,"Harvard Forest","D",NA,NA,"logged","logging","AI","T5",NA,"terrestrial","plants",20,"density",246.91,"stems per hectare","Tree counting changes with time, see methods."
"foster_2009",1991,NA,NA,"Harvard Forest","E",NA,NA,"logged","logging","AI","T5",NA,"terrestrial","plants",20,"density",395.06,"stems per hectare","Tree counting changes with time, see methods."
"foster_2009",1991,NA,NA,"Harvard Forest","F",NA,NA,"logged","logging","AI","T5",NA,"terrestrial","plants",20,"density",24.69,"stems per hectare","Tree counting changes with time, see methods."
"foster_2009",1991,NA,NA,"Harvard Forest","G",NA,NA,"logged","logging","AI","T5",NA,"terrestrial","plants",20,"density",49.38,"stems per hectare","Tree counting changes with time, see methods."
"foster_2009",1991,NA,NA,"Harvard Forest","H",NA,NA,"logged","logging","AI","T5",NA,"terrestrial","plants",20,"density",98.77,"stems per hectare","Tree counting changes with time, see methods."
"foster_2009",1991,NA,NA,"Harvard Forest","I",NA,NA,"logged","logging","AI","T5",NA,"terrestrial","plants",20,"density",395.06,"stems per hectare","Tree counting changes with time, see methods."
"foster_2009",1991,NA,NA,"Harvard Forest","K",NA,NA,"logged","logging","AI","T5",NA,"terrestrial","plants",20,"density",49.38,"stems per hectare","Tree counting changes with time, see methods."
"foster_2009",1991,NA,NA,"Harvard Forest","N",NA,NA,"logged","logging","AI","T5",NA,"terrestrial","plants",20,"density",24.69,"stems per hectare","Tree counting changes with time, see methods."
"foster_2009",1991,NA,NA,"Harvard Forest","C",NA,NA,"logged","logging","AI","T5",NA,"terrestrial","plants",21,"density",197.53,"stems per hectare","Tree counting changes with time, see methods."
"foster_2009",1991,NA,NA,"Harvard Forest","E",NA,NA,"logged","logging","AI","T5",NA,"terrestrial","plants",21,"density",49.38,"stems per hectare","Tree counting changes with time, see methods."
"foster_2009",1991,NA,NA,"Harvard Forest","G",NA,NA,"logged","logging","AI","T5",NA,"terrestrial","plants",21,"density",24.69,"stems per hectare","Tree counting changes with time, see methods."
"foster_2009",1991,NA,NA,"Harvard Forest","J",NA,NA,"logged","logging","AI","T5",NA,"terrestrial","plants",21,"density",24.69,"stems per hectare","Tree counting changes with time, see methods."
"foster_2009",1991,NA,NA,"Harvard Forest","L",NA,NA,"logged","logging","AI","T5",NA,"terrestrial","plants",21,"density",24.69,"stems per hectare","Tree counting changes with time, see methods."
"foster_2009",1991,NA,NA,"Harvard Forest","M",NA,NA,"logged","logging","AI","T5",NA,"terrestrial","plants",21,"density",24.69,"stems per hectare","Tree counting changes with time, see methods."
"foster_2009",1991,NA,NA,"Harvard Forest","N",NA,NA,"logged","logging","AI","T5",NA,"terrestrial","plants",21,"density",49.38,"stems per hectare","Tree counting changes with time, see methods."
"foster_2009",1991,NA,NA,"Harvard Forest","L",NA,NA,"logged","logging","AI","T5",NA,"terrestrial","plants",24,"density",123.46,"stems per hectare","Tree counting changes with time, see methods."
"foster_2009",1991,NA,NA,"Harvard Forest","L",NA,NA,"logged","logging","AI","T5",NA,"terrestrial","plants",26,"density",24.69,"stems per hectare","Tree counting changes with time, see methods."
"foster_2009",1991,NA,NA,"Harvard Forest","N",NA,NA,"logged","logging","AI","T5",NA,"terrestrial","plants",26,"density",24.69,"stems per hectare","Tree counting changes with time, see methods."
"foster_2009",1991,NA,NA,"Harvard Forest","K",NA,NA,"logged","logging","AI","T5",NA,"terrestrial","plants",25,"density",49.38,"stems per hectare","Tree counting changes with time, see methods."
"foster_2009",1991,NA,NA,"Harvard Forest","L",NA,NA,"logged","logging","AI","T5",NA,"terrestrial","plants",25,"density",123.46,"stems per hectare","Tree counting changes with time, see methods."
"foster_2009",1991,NA,NA,"Harvard Forest","E",NA,NA,"logged","logging","AI","T5",NA,"terrestrial","plants",46,"density",98.77,"stems per hectare","Tree counting changes with time, see methods."
"foster_2009",1991,NA,NA,"Harvard Forest","M",NA,NA,"logged","logging","AI","T5",NA,"terrestrial","plants",46,"density",24.69,"stems per hectare","Tree counting changes with time, see methods."
"foster_2009",1991,NA,NA,"Harvard Forest","I",NA,NA,"logged","logging","AI","T5",NA,"terrestrial","plants",48,"density",790.12,"stems per hectare","Tree counting changes with time, see methods."
"foster_2009",1991,NA,NA,"Harvard Forest","K",NA,NA,"logged","logging","AI","T5",NA,"terrestrial","plants",48,"density",24.69,"stems per hectare","Tree counting changes with time, see methods."
"foster_2009",1991,NA,NA,"Harvard Forest","B",NA,NA,"logged","logging","AI","T5",NA,"terrestrial","plants",78,"density",691.36,"stems per hectare","Tree counting changes with time, see methods."
"foster_2009",1991,NA,NA,"Harvard Forest","C",NA,NA,"logged","logging","AI","T5",NA,"terrestrial","plants",78,"density",197.53,"stems per hectare","Tree counting changes with time, see methods."
"foster_2009",1991,NA,NA,"Harvard Forest","D",NA,NA,"logged","logging","AI","T5",NA,"terrestrial","plants",78,"density",49.38,"stems per hectare","Tree counting changes with time, see methods."
"foster_2009",1991,NA,NA,"Harvard Forest","E",NA,NA,"logged","logging","AI","T5",NA,"terrestrial","plants",78,"density",148.15,"stems per hectare","Tree counting changes with time, see methods."
"foster_2009",1991,NA,NA,"Harvard Forest","F",NA,NA,"logged","logging","AI","T5",NA,"terrestrial","plants",78,"density",74.07,"stems per hectare","Tree counting changes with time, see methods."
"foster_2009",1991,NA,NA,"Harvard Forest","G",NA,NA,"logged","logging","AI","T5",NA,"terrestrial","plants",78,"density",567.9,"stems per hectare","Tree counting changes with time, see methods."
"foster_2009",1991,NA,NA,"Harvard Forest","I",NA,NA,"logged","logging","AI","T5",NA,"terrestrial","plants",78,"density",296.3,"stems per hectare","Tree counting changes with time, see methods."
"foster_2009",1991,NA,NA,"Harvard Forest","J",NA,NA,"logged","logging","AI","T5",NA,"terrestrial","plants",78,"density",271.6,"stems per hectare","Tree counting changes with time, see methods."
"foster_2009",1991,NA,NA,"Harvard Forest","K",NA,NA,"logged","logging","AI","T5",NA,"terrestrial","plants",78,"density",592.59,"stems per hectare","Tree counting changes with time, see methods."
"foster_2009",1991,NA,NA,"Harvard Forest","L",NA,NA,"logged","logging","AI","T5",NA,"terrestrial","plants",78,"density",740.74,"stems per hectare","Tree counting changes with time, see methods."
"foster_2009",1991,NA,NA,"Harvard Forest","M",NA,NA,"logged","logging","AI","T5",NA,"terrestrial","plants",78,"density",1012.35,"stems per hectare","Tree counting changes with time, see methods."
"foster_2009",1991,NA,NA,"Harvard Forest","N",NA,NA,"logged","logging","AI","T5",NA,"terrestrial","plants",78,"density",1604.94,"stems per hectare","Tree counting changes with time, see methods."
"foster_2009",1991,NA,NA,"Harvard Forest","H",NA,NA,"logged","logging","AI","T5",NA,"terrestrial","plants",15,"density",98.77,"stems per hectare","Tree counting changes with time, see methods."
"foster_2009",1991,NA,NA,"Harvard Forest","K",NA,NA,"logged","logging","AI","T5",NA,"terrestrial","plants",90,"density",74.07,"stems per hectare","Tree counting changes with time, see methods."
"foster_2009",1991,NA,NA,"Harvard Forest","L",NA,NA,"logged","logging","AI","T5",NA,"terrestrial","plants",90,"density",123.46,"stems per hectare","Tree counting changes with time, see methods."
"foster_2009",1991,NA,NA,"Harvard Forest","M",NA,NA,"logged","logging","AI","T5",NA,"terrestrial","plants",90,"density",24.69,"stems per hectare","Tree counting changes with time, see methods."
"foster_2009",1991,NA,NA,"Harvard Forest","N",NA,NA,"logged","logging","AI","T5",NA,"terrestrial","plants",90,"density",24.69,"stems per hectare","Tree counting changes with time, see methods."
"foster_2009",1991,NA,NA,"Harvard Forest","F",NA,NA,"logged","logging","AI","T5",NA,"terrestrial","plants",94,"density",24.69,"stems per hectare","Tree counting changes with time, see methods."
"foster_2009",1991,NA,NA,"Harvard Forest","G",NA,NA,"logged","logging","AI","T5",NA,"terrestrial","plants",94,"density",197.53,"stems per hectare","Tree counting changes with time, see methods."
"foster_2009",1991,NA,NA,"Harvard Forest","J",NA,NA,"logged","logging","AI","T5",NA,"terrestrial","plants",94,"density",24.69,"stems per hectare","Tree counting changes with time, see methods."
"foster_2009",1991,NA,NA,"Harvard Forest","K",NA,NA,"logged","logging","AI","T5",NA,"terrestrial","plants",94,"density",24.69,"stems per hectare","Tree counting changes with time, see methods."
"foster_2009",1991,NA,NA,"Harvard Forest","L",NA,NA,"logged","logging","AI","T5",NA,"terrestrial","plants",94,"density",24.69,"stems per hectare","Tree counting changes with time, see methods."
"foster_2009",1991,NA,NA,"Harvard Forest","M",NA,NA,"logged","logging","AI","T5",NA,"terrestrial","plants",94,"density",24.69,"stems per hectare","Tree counting changes with time, see methods."
"foster_2009",1991,NA,NA,"Harvard Forest","N",NA,NA,"logged","logging","AI","T5",NA,"terrestrial","plants",94,"density",24.69,"stems per hectare","Tree counting changes with time, see methods."
"foster_2009",1991,NA,NA,"Harvard Forest","B",NA,NA,"logged","logging","AI","T5",NA,"terrestrial","plants",95,"density",98.77,"stems per hectare","Tree counting changes with time, see methods."
"foster_2009",1991,NA,NA,"Harvard Forest","D",NA,NA,"logged","logging","AI","T5",NA,"terrestrial","plants",95,"density",24.69,"stems per hectare","Tree counting changes with time, see methods."
"foster_2009",1991,NA,NA,"Harvard Forest","E",NA,NA,"logged","logging","AI","T5",NA,"terrestrial","plants",95,"density",419.75,"stems per hectare","Tree counting changes with time, see methods."
"foster_2009",1991,NA,NA,"Harvard Forest","F",NA,NA,"logged","logging","AI","T5",NA,"terrestrial","plants",95,"density",469.14,"stems per hectare","Tree counting changes with time, see methods."
"foster_2009",1991,NA,NA,"Harvard Forest","G",NA,NA,"logged","logging","AI","T5",NA,"terrestrial","plants",95,"density",469.14,"stems per hectare","Tree counting changes with time, see methods."
"foster_2009",1991,NA,NA,"Harvard Forest","H",NA,NA,"logged","logging","AI","T5",NA,"terrestrial","plants",95,"density",296.3,"stems per hectare","Tree counting changes with time, see methods."
"foster_2009",1991,NA,NA,"Harvard Forest","J",NA,NA,"logged","logging","AI","T5",NA,"terrestrial","plants",95,"density",197.53,"stems per hectare","Tree counting changes with time, see methods."
"foster_2009",1991,NA,NA,"Harvard Forest","K",NA,NA,"logged","logging","AI","T5",NA,"terrestrial","plants",95,"density",222.22,"stems per hectare","Tree counting changes with time, see methods."
"foster_2009",1991,NA,NA,"Harvard Forest","L",NA,NA,"logged","logging","AI","T5",NA,"terrestrial","plants",95,"density",123.46,"stems per hectare","Tree counting changes with time, see methods."
"foster_2009",1991,NA,NA,"Harvard Forest","M",NA,NA,"logged","logging","AI","T5",NA,"terrestrial","plants",95,"density",222.22,"stems per hectare","Tree counting changes with time, see methods."
"foster_2009",1991,NA,NA,"Harvard Forest","N",NA,NA,"logged","logging","AI","T5",NA,"terrestrial","plants",95,"density",98.77,"stems per hectare","Tree counting changes with time, see methods."
"foster_2009",1991,NA,NA,"Harvard Forest","K",NA,NA,"logged","logging","AI","T5",NA,"terrestrial","plants",120,"density",24.69,"stems per hectare","Tree counting changes with time, see methods."
"foster_2009",1991,NA,NA,"Harvard Forest","L",NA,NA,"logged","logging","AI","T5",NA,"terrestrial","plants",120,"density",24.69,"stems per hectare","Tree counting changes with time, see methods."
"foster_2009",1991,NA,NA,"Harvard Forest","C",NA,NA,"logged","logging","AI","T5",NA,"terrestrial","plants",124,"density",987.65,"stems per hectare","Tree counting changes with time, see methods."
"foster_2009",1991,NA,NA,"Harvard Forest","D",NA,NA,"logged","logging","AI","T5",NA,"terrestrial","plants",124,"density",98.77,"stems per hectare","Tree counting changes with time, see methods."
"foster_2009",1991,NA,NA,"Harvard Forest","E",NA,NA,"logged","logging","AI","T5",NA,"terrestrial","plants",124,"density",1111.11,"stems per hectare","Tree counting changes with time, see methods."
"foster_2009",1991,NA,NA,"Harvard Forest","F",NA,NA,"logged","logging","AI","T5",NA,"terrestrial","plants",124,"density",98.77,"stems per hectare","Tree counting changes with time, see methods."
"foster_2009",1991,NA,NA,"Harvard Forest","G",NA,NA,"logged","logging","AI","T5",NA,"terrestrial","plants",124,"density",98.77,"stems per hectare","Tree counting changes with time, see methods."
"foster_2009",1991,NA,NA,"Harvard Forest","J",NA,NA,"logged","logging","AI","T5",NA,"terrestrial","plants",124,"density",49.38,"stems per hectare","Tree counting changes with time, see methods."
"foster_2009",1991,NA,NA,"Harvard Forest","M",NA,NA,"logged","logging","AI","T5",NA,"terrestrial","plants",124,"density",49.38,"stems per hectare","Tree counting changes with time, see methods."
"foster_2009",1991,NA,NA,"Harvard Forest","N",NA,NA,"logged","logging","AI","T5",NA,"terrestrial","plants",124,"density",370.37,"stems per hectare","Tree counting changes with time, see methods."
"foster_2009",1991,NA,NA,"Harvard Forest","L",NA,NA,"logged","logging","AI","T5",NA,"terrestrial","plants",125,"density",74.07,"stems per hectare","Tree counting changes with time, see methods."
